School Year,District,City,State,StudentID,Grade,Math Score,Reading Score,Math Tutor,Math Tutor Hours,Math Tutor Period,Reading Tutor,Reading Tutor Hours,Reading Tutor Period
2022-2023,Alderwood County Schools,Pompano Beach,FL,1,9,389,256,,,,,,
2022-2023,,,,2,9,405,184,,,,Olivia Simmons,5,2
2022-2023,,,,3,11,135,196,Henry Cooper,17,6,Henry Cooper,18,2
2022-2023,,,,4,11,136,330,James Turner,4,1,,,
2022-2023,,,,5,10,311,351,,,,,,
2022-2023,,,,6,9,298,326,,,,,,
2022-2023,,,,7,9,469,500,,,,,,
2022-2023,,,,8,10,253,440,,,,,,
2022-2023,,,,9,9,459,183,,,,Logan Carter,14,5
2022-2023,,,,10,9,168,268,Ethan Morgan,32,1,,,
2022-2023,,,,11,10,357,313,,,,,,
2022-2023,,,,12,9,425,121,,,,Aria Peterson,37,5
2022-2023,,,,13,10,419,124,,,,Emily Foster,29,5
2022-2023,,,,14,9,453,348,,,,,,
2022-2023,,,,15,10,368,391,,,,,,
2022-2023,,,,16,9,423,486,,,,,,
2022-2023,,,,17,11,412,256,,,,,,
2022-2023,,,,18,10,242,267,,,,,,
2022-2023,,,,19,9,228,345,,,,,,
2022-2023,,,,20,10,148,463,Matthew Hughes,4,4,,,
2022-2023,,,,21,11,135,408,Ava Parker,23,2,,,
2022-2023,,,,22,11,247,400,,,,,,
2022-2023,,,,23,10,374,201,,,,,,
2022-2023,,,,24,9,140,179,Daniel Wright,5,2,Daniel Wright,32,2
2022-2023,,,,25,11,396,391,,,,,,
2022-2023,,,,26,11,199,487,Nicholas Turner,30,4,,,
2022-2023,,,,27,10,424,230,,,,,,
2022-2023,,,,28,11,406,294,,,,,,
2022-2023,,,,29,9,261,305,,,,,,
2022-2023,,,,30,10,306,120,,,,Matthew Hughes,31,4
2022-2023,,,,31,10,399,200,,,,,,
2022-2023,,,,32,10,426,498,,,,,,
2022-2023,,,,33,11,496,251,,,,,,
2022-2023,,,,34,11,150,193,Ethan Morgan,28,4,Ethan Morgan,20,4
2022-2023,,,,35,9,177,192,Victoria Richardson,39,3,Victoria Richardson,13,2
2022-2023,,,,36,11,193,256,Mia Richardson,36,3,,,
2022-2023,,,,37,10,395,431,,,,,,
2022-2023,,,,38,11,313,420,,,,,,
2022-2023,,,,39,11,248,459,,,,,,
2022-2023,,,,40,9,363,159,,,,Chloe Rivera,20,2
2022-2023,,,,41,11,374,232,,,,,,
2022-2023,,,,42,9,248,193,,,,Abigail Nelson,9,1
2022-2023,,,,43,11,390,330,,,,,,
2022-2023,,,,44,11,279,500,,,,,,
2022-2023,,,,45,10,474,378,,,,,,
2022-2023,,,,46,11,268,370,,,,,,
2022-2023,,,,47,10,306,132,,,,Avery Foster,29,2
2022-2023,,,,48,10,285,387,,,,,,
2022-2023,,,,49,10,155,349,Abigail Nelson,17,5,,,
2022-2023,,,,50,9,139,160,Christopher Price,24,4,Christopher Price,40,3
2022-2023,Aspen Ridge Public Education,Grand Junction,CO,51,10,458,312,,,,,,
2022-2023,,,,52,9,195,196,Sofia Reed,12,2,Sofia Reed,8,6
2022-2023,,,,53,9,142,366,Elizabeth Scott,34,2,,,
2022-2023,,,,54,9,327,398,,,,,,
2022-2023,,,,55,9,281,456,,,,,,
2022-2023,,,,56,10,494,310,,,,,,
2022-2023,,,,57,10,248,498,,,,,,
2022-2023,,,,58,10,291,334,,,,,,
2022-2023,,,,59,11,228,353,,,,,,
2022-2023,,,,60,11,422,406,,,,,,
2022-2023,,,,61,10,270,383,,,,,,
2022-2023,,,,62,10,447,219,,,,,,
2022-2023,,,,63,11,351,308,,,,,,
2022-2023,,,,64,10,236,334,,,,,,
2022-2023,,,,65,11,490,260,,,,,,
2022-2023,,,,66,10,201,253,,,,,,
2022-2023,,,,67,10,135,406,Henry Cooper,30,6,,,
2022-2023,,,,68,11,356,367,,,,,,
2022-2023,,,,69,9,255,365,,,,,,
2022-2023,,,,70,10,490,432,,,,,,
2022-2023,,,,71,10,397,343,,,,,,
2022-2023,,,,72,10,335,472,,,,,,
2022-2023,,,,73,9,127,264,Lily Bennett,16,3,,,
2022-2023,,,,74,10,157,434,Lily Bennett,15,3,,,
2022-2023,,,,75,11,318,257,,,,,,
2022-2023,,,,76,9,412,386,,,,,,
2022-2023,,,,77,9,360,135,,,,Matthew Hughes,12,4
2022-2023,,,,78,11,188,148,Scarlett Parker,16,6,Scarlett Parker,25,2
2022-2023,,,,79,11,273,254,,,,,,
2022-2023,,,,80,9,330,233,,,,,,
2022-2023,,,,81,11,422,429,,,,,,
2022-2023,,,,82,10,499,332,,,,,,
2022-2023,,,,83,11,400,259,,,,,,
2022-2023,,,,84,9,191,350,Noah Hayes,2,1,,,
2022-2023,,,,85,9,144,234,Michael Adams,29,6,,,
2022-2023,,,,86,11,257,193,,,,Avery Foster,2,4
2022-2023,,,,87,11,481,284,,,,,,
2022-2023,,,,88,11,297,278,,,,,,
2022-2023,,,,89,10,183,268,Lily Bennett,39,5,,,
2022-2023,,,,90,10,234,483,,,,,,
2022-2023,,,,91,10,308,430,,,,,,
2022-2023,,,,92,9,369,145,,,,Alexander Gray,38,1
2022-2023,,,,93,11,244,488,,,,,,
2022-2023,,,,94,11,434,197,,,,Victoria Richardson,33,2
2022-2023,,,,95,9,490,273,,,,,,
2022-2023,,,,96,10,253,274,,,,,,
2022-2023,,,,97,9,283,206,,,,,,
2022-2023,,,,98,9,438,463,,,,,,
2022-2023,,,,99,11,227,266,,,,,,
2022-2023,,,,100,10,408,315,,,,,,
2022-2023,Birchwood Regional District,Gainesville,FL,101,10,208,500,,,,,,
2022-2023,,,,102,9,325,422,,,,,,
2022-2023,,,,103,11,318,186,,,,Alexander Gray,30,1
2022-2023,,,,104,11,157,256,Emily Foster,28,1,,,
2022-2023,,,,105,9,314,334,,,,,,
2022-2023,,,,106,11,272,369,,,,,,
2022-2023,,,,107,11,254,341,,,,,,
2022-2023,,,,108,10,481,487,,,,,,
2022-2023,,,,109,10,364,333,,,,,,
2022-2023,,,,110,11,185,373,Elizabeth Scott,27,2,,,
2022-2023,,,,111,11,289,164,,,,William Carter,21,1
2022-2023,,,,112,10,346,324,,,,,,
2022-2023,,,,113,9,428,408,,,,,,
2022-2023,,,,114,10,303,461,,,,,,
2022-2023,,,,115,9,388,491,,,,,,
2022-2023,,,,116,9,371,155,,,,Emily Foster,2,4
2022-2023,,,,117,10,422,242,,,,,,
2022-2023,,,,118,9,428,409,,,,,,
2022-2023,,,,119,11,138,294,Chloe Rivera,24,6,,,
2022-2023,,,,120,9,338,479,,,,,,
2022-2023,,,,121,9,299,297,,,,,,
2022-2023,,,,122,10,169,323,Joshua Butler,29,1,,,
2022-2023,,,,123,9,120,381,Samuel Gray,19,5,,,
2022-2023,,,,124,11,309,194,,,,Daniel Morgan,33,5
2022-2023,,,,125,10,141,206,Sofia Reed,20,1,,,
2022-2023,,,,126,9,492,418,,,,,,
2022-2023,,,,127,10,425,451,,,,,,
2022-2023,,,,128,11,384,210,,,,,,
2022-2023,,,,129,9,425,294,,,,,,
2022-2023,,,,130,11,370,499,,,,,,
2022-2023,,,,131,9,179,227,Sophia Reynolds,34,3,,,
2022-2023,,,,132,11,170,292,Alexander Gray,10,5,,,
2022-2023,,,,133,9,407,133,,,,Chloe Rivera,21,4
2022-2023,,,,134,10,211,313,,,,,,
2022-2023,,,,135,10,288,379,,,,,,
2022-2023,,,,136,11,372,284,,,,,,
2022-2023,,,,137,11,252,168,,,,Henry Cooper,25,2
2022-2023,,,,138,10,432,492,,,,,,
2022-2023,,,,139,9,441,144,,,,Charlotte Peterson,15,1
2022-2023,,,,140,9,437,281,,,,,,
2022-2023,,,,141,10,343,402,,,,,,
2022-2023,,,,142,11,205,258,,,,,,
2022-2023,,,,143,9,338,145,,,,Amelia Brooks,5,2
2022-2023,,,,144,10,268,484,,,,,,
2022-2023,,,,145,10,388,376,,,,,,
2022-2023,,,,146,9,310,137,,,,Joseph Coleman,40,6
2022-2023,,,,147,11,376,242,,,,,,
2022-2023,,,,148,10,459,193,,,,David Mitchell,3,4
2022-2023,Birchwood Springs Independent Schools,Cleveland,OH,149,11,247,297,,,,,,
2022-2023,,,,150,10,161,433,Scarlett Parker,20,2,,,
2022-2023,,,,151,9,259,265,,,,,,
2022-2023,,,,152,9,339,137,,,,Matthew Hughes,17,3
2022-2023,,,,153,9,356,147,,,,Christopher Price,20,3
2022-2023,,,,154,9,254,411,,,,,,
2022-2023,,,,155,10,174,217,Emily Foster,27,4,,,
2022-2023,,,,156,10,124,314,Evelyn Mitchell,11,2,,,
2022-2023,,,,157,9,492,319,,,,,,
2022-2023,,,,158,10,327,429,,,,,,
2022-2023,,,,159,11,267,321,,,,,,
2022-2023,,,,160,11,482,376,,,,,,
2022-2023,,,,161,10,493,165,,,,Samuel Gray,22,4
2022-2023,,,,162,10,269,450,,,,,,
2022-2023,,,,163,11,324,270,,,,,,
2022-2023,,,,164,11,161,181,Noah Hayes,15,2,Noah Hayes,3,2
2022-2023,,,,165,10,474,418,,,,,,
2022-2023,,,,166,10,462,260,,,,,,
2022-2023,,,,167,9,199,350,Sophia Reynolds,34,4,,,
2022-2023,,,,168,11,454,463,,,,,,
2022-2023,,,,169,10,421,261,,,,,,
2022-2023,,,,170,9,436,407,,,,,,
2022-2023,,,,171,11,367,438,,,,,,
2022-2023,,,,172,9,234,167,,,,Elizabeth Scott,23,3
2022-2023,,,,173,9,276,210,,,,,,
2022-2023,,,,174,11,424,493,,,,,,
2022-2023,,,,175,9,445,282,,,,,,
2022-2023,,,,176,9,184,186,Ethan Morgan,6,1,Ethan Morgan,7,2
2022-2023,,,,177,11,287,183,,,,Daniel Morgan,11,2
2022-2023,,,,178,9,171,371,Isabella Bennett,33,3,,,
2022-2023,,,,179,11,158,128,Mia Richardson,15,2,Mia Richardson,18,5
2022-2023,,,,180,9,180,139,Olivia Simmons,24,6,Olivia Simmons,8,6
2022-2023,,,,181,9,461,391,,,,,,
2022-2023,,,,182,11,222,349,,,,,,
2022-2023,,,,183,10,190,362,Christopher Price,12,1,,,
2022-2023,,,,184,10,126,298,Matthew Hughes,38,5,,,
2022-2023,,,,185,9,334,412,,,,,,
2022-2023,,,,186,10,389,303,,,,,,
2022-2023,,,,187,11,392,431,,,,,,
2022-2023,,,,188,11,374,226,,,,,,
2022-2023,,,,189,9,427,331,,,,,,
2022-2023,,,,190,11,322,353,,,,,,
2022-2023,,,,191,11,402,346,,,,,,
2022-2023,,,,192,11,498,140,,,,Mia Richardson,26,6
2022-2023,Cedar Grove Educational Association,Birmingham,AL,193,11,479,267,,,,,,
2022-2023,,,,194,10,156,495,Daniel Wright,26,3,,,
2022-2023,,,,195,10,177,415,Grace Murphy,28,5,,,
2022-2023,,,,196,9,148,238,Scarlett Parker,27,3,,,
2022-2023,,,,197,9,368,192,,,,Amelia Brooks,30,4
2022-2023,,,,198,10,409,148,,,,Ethan Morgan,12,5
2022-2023,,,,199,9,365,363,,,,,,
2022-2023,,,,200,9,456,318,,,,,,
2022-2023,,,,201,10,315,362,,,,,,
2022-2023,,,,202,11,268,294,,,,,,
2022-2023,,,,203,9,151,357,Evelyn Mitchell,21,6,,,
2022-2023,,,,204,9,216,241,,,,,,
2022-2023,,,,205,11,159,317,David Mitchell,19,6,,,
2022-2023,,,,206,10,195,286,Logan Carter,4,5,,,
2022-2023,,,,207,10,226,124,,,,Ethan Morgan,13,1
2022-2023,,,,208,10,162,345,Victoria Richardson,27,4,,,
2022-2023,,,,209,11,375,175,,,,Evelyn Mitchell,31,2
2022-2023,,,,210,10,464,270,,,,,,
2022-2023,,,,211,9,216,499,,,,,,
2022-2023,,,,212,11,179,389,Ava Parker,5,6,,,
2022-2023,,,,213,11,313,355,,,,,,
2022-2023,,,,214,10,497,412,,,,,,
2022-2023,,,,215,9,234,451,,,,,,
2022-2023,,,,216,10,481,227,,,,,,
2022-2023,,,,217,9,171,194,Joshua Butler,28,1,Joshua Butler,16,5
2022-2023,,,,218,9,305,401,,,,,,
2022-2023,,,,219,9,199,361,David Mitchell,24,2,,,
2022-2023,,,,220,10,494,239,,,,,,
2022-2023,,,,221,10,372,313,,,,,,
2022-2023,,,,222,9,378,123,,,,Andrew Ross,19,1
2022-2023,,,,223,9,369,427,,,,,,
2022-2023,,,,224,10,285,287,,,,,,
2022-2023,,,,225,11,282,145,,,,Lily Bennett,17,6
2022-2023,,,,226,11,363,314,,,,,,
2022-2023,,,,227,9,268,271,,,,,,
2022-2023,,,,228,9,487,212,,,,,,
2022-2023,,,,229,11,207,319,,,,,,
2022-2023,,,,230,10,408,331,,,,,,
2022-2023,,,,231,9,183,221,Noah Hayes,39,6,,,
2022-2023,,,,232,10,281,283,,,,,,
2022-2023,,,,233,10,265,171,,,,William Carter,6,4
2022-2023,,,,234,10,301,209,,,,,,
2022-2023,,,,235,9,460,193,,,,Joshua Butler,35,6
2022-2023,,,,236,11,401,493,,,,,,
2022-2023,,,,237,10,469,264,,,,,,
2022-2023,,,,238,11,223,345,,,,,,
2022-2023,,,,239,11,430,317,,,,,,
2022-2023,,,,240,10,408,185,,,,Daniel Morgan,3,6
2022-2023,,,,241,9,135,242,Ava Parker,36,5,,,
2022-2023,,,,242,9,297,458,,,,,,
2022-2023,Cedarwood Independent Schools,Fort Worth,TX,243,10,213,293,,,,,,
2022-2023,,,,244,10,150,228,William Carter,39,5,,,
2022-2023,,,,245,10,193,406,Alexander Gray,30,3,,,
2022-2023,,,,246,11,397,184,,,,Evelyn Mitchell,21,1
2022-2023,,,,247,11,424,226,,,,,,
2022-2023,,,,248,9,454,312,,,,,,
2022-2023,,,,249,10,337,287,,,,,,
2022-2023,,,,250,11,388,394,,,,,,
2022-2023,,,,251,9,424,431,,,,,,
2022-2023,,,,252,11,412,318,,,,,,
2022-2023,,,,253,9,132,124,Alexander Gray,11,5,Alexander Gray,3,5
2022-2023,,,,254,9,136,235,Daniel Wright,21,2,,,
2022-2023,,,,255,11,162,302,Evelyn Mitchell,8,5,,,
2022-2023,,,,256,9,262,417,,,,,,
2022-2023,,,,257,9,331,156,,,,Daniel Morgan,23,6
2022-2023,,,,258,10,306,315,,,,,,
2022-2023,,,,259,9,263,210,,,,,,
2022-2023,,,,260,11,204,298,,,,,,
2022-2023,,,,261,10,395,462,,,,,,
2022-2023,,,,262,11,348,484,,,,,,
2022-2023,,,,263,10,479,251,,,,,,
2022-2023,,,,264,9,142,425,Andrew Ross,28,3,,,
2022-2023,,,,265,10,183,371,Aria Peterson,9,3,,,
2022-2023,,,,266,10,200,387,,,,,,
2022-2023,,,,267,10,138,492,Chloe Rivera,13,1,,,
2022-2023,,,,268,10,430,175,,,,Mia Richardson,6,6
2022-2023,,,,269,10,130,342,Abigail Nelson,10,3,,,
2022-2023,,,,270,11,140,350,Isabella Bennett,26,3,,,
2022-2023,,,,271,11,480,415,,,,,,
2022-2023,,,,272,10,349,289,,,,,,
2022-2023,,,,273,11,189,248,Grace Murphy,28,4,,,
2022-2023,,,,274,11,474,274,,,,,,
2022-2023,,,,275,10,332,178,,,,Olivia Simmons,19,4
2022-2023,,,,276,9,479,152,,,,Olivia Simmons,4,3
2022-2023,,,,277,10,302,457,,,,,,
2022-2023,,,,278,10,480,146,,,,Benjamin Cooper,36,2
2022-2023,,,,279,11,141,235,Daniel Morgan,10,6,,,
2022-2023,,,,280,10,311,165,,,,Scarlett Parker,35,1
2022-2023,,,,281,9,432,160,,,,Noah Hayes,32,3
2022-2023,,,,282,10,139,391,Joseph Coleman,19,1,,,
2022-2023,,,,283,11,459,358,,,,,,
2022-2023,,,,284,9,325,430,,,,,,
2022-2023,,,,285,9,305,196,,,,Noah Hayes,5,3
2022-2023,,,,286,9,378,129,,,,Aria Peterson,31,5
2022-2023,,,,287,9,158,123,Samuel Gray,25,6,Samuel Gray,14,3
2022-2023,,,,288,10,220,251,,,,,,
2022-2023,,,,289,11,212,408,,,,,,
2022-2023,,,,290,11,397,373,,,,,,
2022-2023,,,,291,10,420,433,,,,,,
2022-2023,,,,292,10,210,191,,,,Amelia Brooks,34,5
2022-2023,,,,293,10,278,328,,,,,,
2022-2023,,,,294,9,210,144,,,,Avery Foster,15,5
2022-2023,,,,295,9,212,321,,,,,,
2022-2023,,,,296,11,372,289,,,,,,
2022-2023,,,,297,11,237,443,,,,,,
2022-2023,,,,298,10,345,310,,,,,,
2022-2023,Cypress Creek County Schools,San Angelo,TX,299,11,168,173,David Mitchell,5,5,David Mitchell,21,2
2022-2023,,,,300,9,165,267,Amelia Brooks,25,2,,,
2022-2023,,,,301,9,349,230,,,,,,
2022-2023,,,,302,11,149,123,Lily Bennett,8,1,Lily Bennett,35,4
2022-2023,,,,303,9,409,280,,,,,,
2022-2023,,,,304,11,301,183,,,,Mia Richardson,30,1
2022-2023,,,,305,10,367,215,,,,,,
2022-2023,,,,306,9,342,324,,,,,,
2022-2023,,,,307,10,412,448,,,,,,
2022-2023,,,,308,9,224,353,,,,,,
2022-2023,,,,309,10,156,241,Michael Adams,40,4,,,
2022-2023,,,,310,10,407,493,,,,,,
2022-2023,,,,311,9,207,497,,,,,,
2022-2023,,,,312,10,163,493,Andrew Ross,2,1,,,
2022-2023,,,,313,11,216,482,,,,,,
2022-2023,,,,314,11,448,167,,,,Daniel Morgan,31,5
2022-2023,,,,315,10,480,327,,,,,,
2022-2023,,,,316,11,206,197,,,,Benjamin Cooper,25,1
2022-2023,,,,317,9,179,478,Samuel Gray,8,4,,,
2022-2023,,,,318,9,147,406,Mia Richardson,30,5,,,
2022-2023,,,,319,10,216,228,,,,,,
2022-2023,,,,320,10,252,392,,,,,,
2022-2023,,,,321,10,250,199,,,,Daniel Morgan,29,5
2022-2023,,,,322,11,349,125,,,,Ethan Morgan,39,5
2022-2023,,,,323,9,468,315,,,,,,
2022-2023,,,,324,11,262,303,,,,,,
2022-2023,,,,325,9,153,184,Noah Hayes,34,2,Noah Hayes,3,3
2022-2023,,,,326,11,328,220,,,,,,
2022-2023,,,,327,9,137,225,James Turner,5,3,,,
2022-2023,,,,328,11,306,347,,,,,,
2022-2023,,,,329,9,213,249,,,,,,
2022-2023,,,,330,11,360,250,,,,,,
2022-2023,,,,331,11,246,440,,,,,,
2022-2023,,,,332,11,214,383,,,,,,
2022-2023,,,,333,10,311,375,,,,,,
2022-2023,,,,334,9,173,212,Abigail Nelson,35,1,,,
2022-2023,,,,335,9,133,149,David Mitchell,7,5,David Mitchell,38,2
2022-2023,,,,336,10,355,435,,,,,,
2022-2023,,,,337,11,349,151,,,,Henry Cooper,27,4
2022-2023,,,,338,10,171,287,Nicholas Turner,22,4,,,
2022-2023,,,,339,11,234,485,,,,,,
2022-2023,,,,340,11,413,278,,,,,,
2022-2023,,,,341,10,296,396,,,,,,
2022-2023,,,,342,9,189,462,Liam Foster,4,6,,,
2022-2023,,,,343,10,327,198,,,,Daniel Wright,20,4
2022-2023,,,,344,10,420,488,,,,,,
2022-2023,,,,345,9,223,211,,,,,,
2022-2023,,,,346,10,229,299,,,,,,
2022-2023,,,,347,10,412,252,,,,,,
2022-2023,,,,348,9,211,196,,,,Avery Foster,38,5
2022-2023,Elmwood Heights Public Schools,Santa Barbara,CA,349,10,290,247,,,,,,
2022-2023,,,,350,10,195,306,Sophia Reynolds,12,6,,,
2022-2023,,,,351,9,229,498,,,,,,
2022-2023,,,,352,10,231,458,,,,,,
2022-2023,,,,353,9,120,177,Daniel Morgan,26,6,Daniel Morgan,39,3
2022-2023,,,,354,11,281,346,,,,,,
2022-2023,,,,355,11,441,267,,,,,,
2022-2023,,,,356,10,296,211,,,,,,
2022-2023,,,,357,10,490,492,,,,,,
2022-2023,,,,358,10,395,328,,,,,,
2022-2023,,,,359,10,136,395,Emily Foster,35,3,,,
2022-2023,,,,360,9,466,493,,,,,,
2022-2023,,,,361,10,310,401,,,,,,
2022-2023,,,,362,9,366,257,,,,,,
2022-2023,,,,363,11,469,266,,,,,,
2022-2023,,,,364,11,357,492,,,,,,
2022-2023,,,,365,11,267,365,,,,,,
2022-2023,,,,366,11,355,331,,,,,,
2022-2023,,,,367,10,332,386,,,,,,
2022-2023,,,,368,9,243,221,,,,,,
2022-2023,,,,369,10,232,348,,,,,,
2022-2023,,,,370,11,296,281,,,,,,
2022-2023,,,,371,9,393,385,,,,,,
2022-2023,,,,372,10,146,319,Mia Richardson,21,2,,,
2022-2023,,,,373,11,422,200,,,,,,
2022-2023,,,,374,10,244,125,,,,Scarlett Parker,24,5
2022-2023,,,,375,9,257,472,,,,,,
2022-2023,,,,376,11,396,402,,,,,,
2022-2023,,,,377,9,288,234,,,,,,
2022-2023,,,,378,11,167,238,Logan Carter,19,2,,,
2022-2023,,,,379,11,127,146,Michael Adams,22,6,Michael Adams,28,6
2022-2023,,,,380,11,180,130,Harper Ward,11,2,Harper Ward,9,4
2022-2023,,,,381,10,470,159,,,,Samuel Gray,27,6
2022-2023,,,,382,11,356,298,,,,,,
2022-2023,,,,383,10,189,452,William Carter,22,1,,,
2022-2023,,,,384,9,422,161,,,,Chloe Rivera,20,1
2022-2023,,,,385,10,131,189,Ella Simmons,9,5,Ella Simmons,11,2
2022-2023,,,,386,11,194,378,Henry Cooper,10,3,,,
2022-2023,,,,387,9,452,389,,,,,,
2022-2023,,,,388,10,138,399,David Mitchell,25,5,,,
2022-2023,,,,389,10,399,232,,,,,,
2022-2023,,,,390,11,347,305,,,,,,
2022-2023,,,,391,11,239,296,,,,,,
2022-2023,,,,392,11,213,205,,,,,,
2022-2023,,,,393,10,492,231,,,,,,
2022-2023,,,,394,11,459,254,,,,,,
2022-2023,,,,395,10,241,433,,,,,,
2022-2023,,,,396,10,362,166,,,,Ethan Morgan,8,3
2022-2023,Hawthorn Valley Unified,Cheyenne,WY,397,10,253,297,,,,,,
2022-2023,,,,398,9,348,417,,,,,,
2022-2023,,,,399,11,183,424,Ava Parker,39,4,,,
2022-2023,,,,400,9,298,408,,,,,,
2022-2023,,,,401,9,445,177,,,,Benjamin Cooper,28,6
2022-2023,,,,402,10,492,495,,,,,,
2022-2023,,,,403,10,226,272,,,,,,
2022-2023,,,,404,9,409,286,,,,,,
2022-2023,,,,405,9,471,434,,,,,,
2022-2023,,,,406,9,201,481,,,,,,
2022-2023,,,,407,10,364,120,,,,Olivia Simmons,27,2
2022-2023,,,,408,10,268,191,,,,Samuel Gray,27,6
2022-2023,,,,409,9,294,472,,,,,,
2022-2023,,,,410,9,464,392,,,,,,
2022-2023,,,,411,10,348,495,,,,,,
2022-2023,,,,412,11,437,496,,,,,,
2022-2023,,,,413,11,162,489,William Carter,25,4,,,
2022-2023,,,,414,9,275,185,,,,Elizabeth Scott,14,1
2022-2023,,,,415,11,443,487,,,,,,
2022-2023,,,,416,10,416,290,,,,,,
2022-2023,,,,417,11,280,361,,,,,,
2022-2023,,,,418,9,182,418,David Mitchell,9,6,,,
2022-2023,,,,419,9,222,435,,,,,,
2022-2023,,,,420,10,384,348,,,,,,
2022-2023,,,,421,10,254,272,,,,,,
2022-2023,,,,422,10,408,369,,,,,,
2022-2023,,,,423,10,173,468,Scarlett Parker,24,5,,,
2022-2023,,,,424,9,278,380,,,,,,
2022-2023,,,,425,10,476,195,,,,Grace Murphy,18,6
2022-2023,,,,426,11,499,453,,,,,,
2022-2023,,,,427,9,480,237,,,,,,
2022-2023,,,,428,11,122,134,Lily Bennett,21,5,Lily Bennett,4,3
2022-2023,,,,429,10,173,487,Samuel Gray,25,4,,,
2022-2023,,,,430,11,245,462,,,,,,
2022-2023,,,,431,10,254,154,,,,Nicholas Turner,4,5
2022-2023,,,,432,10,292,428,,,,,,
2022-2023,,,,433,9,185,408,Joshua Butler,30,3,,,
2022-2023,,,,434,11,266,392,,,,,,
2022-2023,,,,435,11,271,386,,,,,,
2022-2023,Juniper Falls School Board,Longview,TX,436,9,477,252,,,,,,
2022-2023,,,,437,10,274,402,,,,,,
2022-2023,,,,438,10,466,197,,,,Daniel Wright,10,2
2022-2023,,,,439,11,208,370,,,,,,
2022-2023,,,,440,10,167,164,Nicholas Turner,11,5,Nicholas Turner,13,3
2022-2023,,,,441,10,320,125,,,,Elizabeth Scott,40,4
2022-2023,,,,442,11,484,220,,,,,,
2022-2023,,,,443,9,226,347,,,,,,
2022-2023,,,,444,11,485,491,,,,,,
2022-2023,,,,445,11,157,468,Mia Richardson,4,1,,,
2022-2023,,,,446,10,290,250,,,,,,
2022-2023,,,,447,10,136,141,Michael Adams,30,3,Michael Adams,35,1
2022-2023,,,,448,10,413,179,,,,Ryan Hayes,34,5
2022-2023,,,,449,11,275,203,,,,,,
2022-2023,,,,450,10,353,240,,,,,,
2022-2023,,,,451,11,189,486,Ryan Hayes,8,4,,,
2022-2023,,,,452,11,200,411,,,,,,
2022-2023,,,,453,9,246,270,,,,,,
2022-2023,,,,454,9,330,157,,,,Evelyn Mitchell,29,1
2022-2023,,,,455,9,492,462,,,,,,
2022-2023,,,,456,11,164,396,Joseph Coleman,6,2,,,
2022-2023,,,,457,11,288,229,,,,,,
2022-2023,,,,458,11,449,203,,,,,,
2022-2023,,,,459,11,132,196,William Carter,37,6,William Carter,29,2
2022-2023,,,,460,9,193,237,Evelyn Mitchell,33,6,,,
2022-2023,,,,461,9,413,341,,,,,,
2022-2023,,,,462,11,477,429,,,,,,
2022-2023,,,,463,11,341,260,,,,,,
2022-2023,,,,464,10,134,264,Grace Murphy,6,3,,,
2022-2023,,,,465,10,139,292,Benjamin Cooper,24,5,,,
2022-2023,,,,466,11,186,146,Sofia Reed,37,4,Sofia Reed,2,3
2022-2023,,,,467,10,366,228,,,,,,
2022-2023,,,,468,10,407,195,,,,Scarlett Parker,17,4
2022-2023,,,,469,10,387,497,,,,,,
2022-2023,,,,470,11,227,200,,,,,,
2022-2023,,,,471,9,414,267,,,,,,
2022-2023,,,,472,9,458,315,,,,,,
2022-2023,,,,473,9,184,220,Avery Foster,4,3,,,
2022-2023,,,,474,9,122,455,Ella Simmons,35,3,,,
2022-2023,,,,475,9,497,184,,,,Grace Murphy,4,6
2022-2023,,,,476,9,273,472,,,,,,
2022-2023,,,,477,11,182,297,Ryan Hayes,18,2,,,
2022-2023,,,,478,11,339,376,,,,,,
2022-2023,,,,479,9,307,320,,,,,,
2022-2023,,,,480,10,120,309,Alexander Gray,40,1,,,
2022-2023,,,,481,10,422,370,,,,,,
2022-2023,,,,482,11,421,463,,,,,,
2022-2023,,,,483,11,471,498,,,,,,
2022-2023,,,,484,11,376,339,,,,,,
2022-2023,,,,485,10,203,449,,,,,,
2022-2023,,,,486,11,213,341,,,,,,
2022-2023,,,,487,11,446,232,,,,,,
2022-2023,Laurelwood Township District,Hyattsville,MD,488,9,278,370,,,,,,
2022-2023,,,,489,9,422,241,,,,,,
2022-2023,,,,490,9,241,344,,,,,,
2022-2023,,,,491,10,175,401,Elizabeth Scott,30,5,,,
2022-2023,,,,492,11,271,456,,,,,,
2022-2023,,,,493,10,477,450,,,,,,
2022-2023,,,,494,11,120,497,Matthew Hughes,4,4,,,
2022-2023,,,,495,9,391,230,,,,,,
2022-2023,,,,496,10,149,431,Logan Carter,20,4,,,
2022-2023,,,,497,9,289,236,,,,,,
2022-2023,,,,498,9,354,334,,,,,,
2022-2023,,,,499,10,194,220,Samuel Gray,33,3,,,
2022-2023,,,,500,10,163,289,Liam Foster,23,3,,,
2022-2023,,,,501,9,143,497,Evelyn Mitchell,29,6,,,
2022-2023,,,,502,11,295,213,,,,,,
2022-2023,,,,503,10,168,158,David Mitchell,40,4,David Mitchell,30,6
2022-2023,,,,504,11,171,322,Sophia Reynolds,20,5,,,
2022-2023,,,,505,11,493,428,,,,,,
2022-2023,,,,506,9,362,417,,,,,,
2022-2023,,,,507,10,417,146,,,,Liam Foster,19,2
2022-2023,,,,508,10,310,421,,,,,,
2022-2023,,,,509,9,413,227,,,,,,
2022-2023,,,,510,10,286,315,,,,,,
2022-2023,,,,511,9,265,292,,,,,,
2022-2023,,,,512,10,488,339,,,,,,
2022-2023,,,,513,11,238,329,,,,,,
2022-2023,,,,514,11,497,386,,,,,,
2022-2023,,,,515,9,258,323,,,,,,
2022-2023,,,,516,10,442,162,,,,Grace Murphy,7,2
2022-2023,,,,517,9,289,416,,,,,,
2022-2023,,,,518,10,455,215,,,,,,
2022-2023,,,,519,9,375,315,,,,,,
2022-2023,,,,520,11,263,304,,,,,,
2022-2023,,,,521,9,203,176,,,,Abigail Nelson,20,6
2022-2023,,,,522,11,244,151,,,,Scarlett Parker,23,4
2022-2023,,,,523,9,239,241,,,,,,
2022-2023,,,,524,11,327,199,,,,Amelia Brooks,37,2
2022-2023,,,,525,11,232,417,,,,,,
2022-2023,,,,526,11,191,312,Emily Foster,23,3,,,
2022-2023,,,,527,10,198,319,Daniel Wright,33,2,,,
2022-2023,,,,528,9,408,306,,,,,,
2022-2023,,,,529,10,391,145,,,,Amelia Brooks,32,3
2022-2023,,,,530,10,217,219,,,,,,
2022-2023,,,,531,11,151,207,Andrew Ross,6,2,,,
2022-2023,,,,532,10,369,240,,,,,,
2022-2023,,,,533,11,215,489,,,,,,
2022-2023,,,,534,10,448,390,,,,,,
2022-2023,,,,535,10,288,492,,,,,,
2022-2023,Magnolia Springs School District,Knoxville,TN,536,9,210,324,,,,,,
2022-2023,,,,537,9,237,228,,,,,,
2022-2023,,,,538,10,466,267,,,,,,
2022-2023,,,,539,10,259,304,,,,,,
2022-2023,,,,540,9,166,317,William Carter,2,2,,,
2022-2023,,,,541,9,287,457,,,,,,
2022-2023,,,,542,11,488,136,,,,Ava Parker,9,6
2022-2023,,,,543,10,313,181,,,,Abigail Nelson,4,6
2022-2023,,,,544,11,135,208,Samuel Gray,9,3,,,
2022-2023,,,,545,10,315,202,,,,,,
2022-2023,,,,546,10,271,211,,,,,,
2022-2023,,,,547,10,320,462,,,,,,
2022-2023,,,,548,11,269,219,,,,,,
2022-2023,,,,549,10,125,376,Sophia Reynolds,27,1,,,
2022-2023,,,,550,9,322,282,,,,,,
2022-2023,,,,551,9,264,287,,,,,,
2022-2023,,,,552,10,199,291,Isabella Bennett,20,3,,,
2022-2023,,,,553,10,487,205,,,,,,
2022-2023,,,,554,10,274,137,,,,Grace Murphy,30,4
2022-2023,,,,555,10,356,367,,,,,,
2022-2023,,,,556,9,404,135,,,,Scarlett Parker,40,2
2022-2023,,,,557,9,462,387,,,,,,
2022-2023,,,,558,10,218,156,,,,Michael Adams,28,5
2022-2023,,,,559,11,491,296,,,,,,
2022-2023,,,,560,9,489,473,,,,,,
2022-2023,,,,561,9,196,247,Liam Foster,30,1,,,
2022-2023,,,,562,10,313,254,,,,,,
2022-2023,,,,563,11,216,155,,,,Andrew Ross,29,4
2022-2023,,,,564,11,233,356,,,,,,
2022-2023,,,,565,9,184,454,Ethan Morgan,12,4,,,
2022-2023,,,,566,10,166,238,Samuel Gray,21,4,,,
2022-2023,,,,567,10,177,289,Sofia Reed,12,4,,,
2022-2023,,,,568,9,380,390,,,,,,
2022-2023,,,,569,10,452,193,,,,James Turner,24,4
2022-2023,,,,570,9,265,457,,,,,,
2022-2023,,,,571,10,306,123,,,,James Turner,29,3
2022-2023,,,,572,11,327,306,,,,,,
2022-2023,,,,573,9,283,313,,,,,,
2022-2023,,,,574,11,139,400,James Turner,10,2,,,
2022-2023,,,,575,9,225,137,,,,Ava Parker,13,1
2022-2023,,,,576,9,150,130,Grace Murphy,11,3,Grace Murphy,28,3
2022-2023,,,,577,9,229,388,,,,,,
2022-2023,,,,578,11,197,230,Ava Parker,5,3,,,
2022-2023,,,,579,10,263,166,,,,Benjamin Cooper,19,1
2022-2023,,,,580,11,123,127,Nicholas Turner,9,6,Nicholas Turner,32,3
2022-2023,,,,581,9,246,305,,,,,,
2022-2023,,,,582,11,159,373,Lily Bennett,30,1,,,
2022-2023,,,,583,11,452,246,,,,,,
2022-2023,,,,584,11,432,496,,,,,,
2022-2023,,,,585,9,160,235,Liam Foster,13,1,,,
2022-2023,,,,586,11,209,457,,,,,,
2022-2023,,,,587,10,390,489,,,,,,
2022-2023,,,,588,9,139,423,Scarlett Parker,25,5,,,
2022-2023,,,,589,9,230,446,,,,,,
2022-2023,,,,590,10,280,202,,,,,,
2022-2023,Maple Ridge Central District,New Haven,CT,591,11,433,428,,,,,,
2022-2023,,,,592,11,293,233,,,,,,
2022-2023,,,,593,11,214,487,,,,,,
2022-2023,,,,594,11,207,363,,,,,,
2022-2023,,,,595,10,435,425,,,,,,
2022-2023,,,,596,11,403,183,,,,Mia Richardson,17,4
2022-2023,,,,597,10,138,489,Abigail Nelson,5,3,,,
2022-2023,,,,598,9,402,478,,,,,,
2022-2023,,,,599,11,300,490,,,,,,
2022-2023,,,,600,11,496,378,,,,,,
2022-2023,,,,601,11,498,490,,,,,,
2022-2023,,,,602,9,295,418,,,,,,
2022-2023,,,,603,10,487,418,,,,,,
2022-2023,,,,604,9,185,411,Aria Peterson,18,4,,,
2022-2023,,,,605,10,438,183,,,,Joseph Coleman,19,4
2022-2023,,,,606,11,421,355,,,,,,
2022-2023,,,,607,9,376,386,,,,,,
2022-2023,,,,608,11,326,362,,,,,,
2022-2023,,,,609,11,443,218,,,,,,
2022-2023,,,,610,10,387,355,,,,,,
2022-2023,,,,611,10,475,363,,,,,,
2022-2023,,,,612,11,409,204,,,,,,
2022-2023,,,,613,9,186,369,Benjamin Cooper,32,5,,,
2022-2023,,,,614,11,289,124,,,,Chloe Rivera,24,1
2022-2023,,,,615,11,279,169,,,,William Carter,16,5
2022-2023,,,,616,9,122,409,Benjamin Cooper,15,1,,,
2022-2023,,,,617,9,138,464,Chloe Rivera,40,3,,,
2022-2023,,,,618,11,194,413,Christopher Price,40,1,,,
2022-2023,,,,619,9,169,369,Lily Bennett,40,2,,,
2022-2023,,,,620,10,176,148,Chloe Rivera,35,3,Chloe Rivera,25,4
2022-2023,,,,621,9,456,131,,,,Nicholas Turner,13,6
2022-2023,,,,622,11,216,342,,,,,,
2022-2023,,,,623,9,297,383,,,,,,
2022-2023,,,,624,9,406,391,,,,,,
2022-2023,,,,625,9,194,226,Matthew Hughes,7,6,,,
2022-2023,,,,626,9,211,417,,,,,,
2022-2023,,,,627,10,341,200,,,,,,
2022-2023,,,,628,11,333,161,,,,Ava Parker,19,1
2022-2023,,,,629,9,258,164,,,,Daniel Wright,38,6
2022-2023,,,,630,11,390,256,,,,,,
2022-2023,,,,631,10,127,359,Scarlett Parker,20,1,,,
2022-2023,,,,632,10,394,179,,,,Joseph Coleman,32,2
2022-2023,,,,633,10,301,480,,,,,,
2022-2023,,,,634,9,178,126,James Turner,15,5,James Turner,14,4
2022-2023,,,,635,10,321,163,,,,Elizabeth Scott,13,1
2022-2023,,,,636,10,189,426,Sofia Reed,36,6,,,
2022-2023,,,,637,11,250,194,,,,Ryan Hayes,20,5
2022-2023,,,,638,9,398,394,,,,,,
2022-2023,,,,639,9,327,498,,,,,,
2022-2023,,,,640,11,246,219,,,,,,
2022-2023,Oakwood County School System,Phoenix,AZ,641,9,253,303,,,,,,
2022-2023,,,,642,11,478,203,,,,,,
2022-2023,,,,643,11,205,233,,,,,,
2022-2023,,,,644,10,459,223,,,,,,
2022-2023,,,,645,9,280,225,,,,,,
2022-2023,,,,646,9,136,456,Lily Bennett,33,6,,,
2022-2023,,,,647,10,218,449,,,,,,
2022-2023,,,,648,9,129,377,Isabella Bennett,2,5,,,
2022-2023,,,,649,10,388,366,,,,,,
2022-2023,,,,650,11,312,477,,,,,,
2022-2023,,,,651,9,466,464,,,,,,
2022-2023,,,,652,10,480,133,,,,Ryan Hayes,9,5
2022-2023,,,,653,10,385,365,,,,,,
2022-2023,,,,654,9,385,227,,,,,,
2022-2023,,,,655,9,254,122,,,,Ella Simmons,7,6
2022-2023,,,,656,9,264,179,,,,Emily Foster,22,5
2022-2023,,,,657,11,128,148,Ryan Hayes,40,5,Ryan Hayes,14,5
2022-2023,,,,658,11,140,463,Noah Hayes,36,5,,,
2022-2023,,,,659,10,243,139,,,,Ryan Hayes,4,2
2022-2023,,,,660,11,137,473,Abigail Nelson,18,4,,,
2022-2023,,,,661,9,437,158,,,,Harper Ward,7,1
2022-2023,,,,662,10,195,214,Sofia Reed,12,3,,,
2022-2023,,,,663,10,306,313,,,,,,
2022-2023,,,,664,10,365,165,,,,Alexander Gray,17,3
2022-2023,,,,665,11,199,183,Abigail Nelson,22,5,Abigail Nelson,25,2
2022-2023,,,,666,10,233,341,,,,,,
2022-2023,,,,667,10,443,482,,,,,,
2022-2023,,,,668,11,265,142,,,,Michael Adams,26,1
2022-2023,,,,669,10,133,436,Ava Parker,5,6,,,
2022-2023,,,,670,10,306,157,,,,Matthew Hughes,26,5
2022-2023,,,,671,10,152,153,Joshua Butler,11,6,Joshua Butler,4,1
2022-2023,,,,672,11,346,298,,,,,,
2022-2023,,,,673,9,179,421,Scarlett Parker,31,1,,,
2022-2023,,,,674,9,270,208,,,,,,
2022-2023,,,,675,11,272,268,,,,,,
2022-2023,,,,676,9,209,464,,,,,,
2022-2023,,,,677,11,296,406,,,,,,
2022-2023,,,,678,11,492,492,,,,,,
2022-2023,,,,679,9,137,496,Abigail Nelson,3,6,,,
2022-2023,,,,680,11,310,490,,,,,,
2022-2023,,,,681,10,200,333,,,,,,
2022-2023,,,,682,9,449,151,,,,Lily Bennett,14,6
2022-2023,,,,683,11,426,441,,,,,,
2022-2023,,,,684,9,431,288,,,,,,
2022-2023,,,,685,11,132,394,Daniel Wright,12,5,,,
2022-2023,,,,686,11,196,343,Grace Murphy,21,3,,,
2022-2023,,,,687,9,323,455,,,,,,
2022-2023,,,,688,11,314,297,,,,,,
2022-2023,,,,689,10,301,436,,,,,,
2022-2023,,,,690,11,330,251,,,,,,
2022-2023,,,,691,10,195,220,Mia Richardson,12,6,,,
2022-2023,Pinecrest Educational Consortium,Marietta,GA,692,10,420,487,,,,,,
2022-2023,,,,693,11,483,479,,,,,,
2022-2023,,,,694,10,306,436,,,,,,
2022-2023,,,,695,10,439,131,,,,Lily Bennett,12,3
2022-2023,,,,696,10,385,132,,,,Sophia Reynolds,38,1
2022-2023,,,,697,9,276,300,,,,,,
2022-2023,,,,698,10,226,405,,,,,,
2022-2023,,,,699,11,315,364,,,,,,
2022-2023,,,,700,9,250,448,,,,,,
2022-2023,,,,701,10,288,167,,,,Ryan Hayes,10,5
2022-2023,,,,702,10,200,498,,,,,,
2022-2023,,,,703,11,194,336,Amelia Brooks,6,1,,,
2022-2023,,,,704,10,214,350,,,,,,
2022-2023,,,,705,11,424,254,,,,,,
2022-2023,,,,706,11,405,290,,,,,,
2022-2023,,,,707,9,374,194,,,,Ryan Hayes,14,4
2022-2023,,,,708,10,152,312,Chloe Rivera,32,6,,,
2022-2023,,,,709,9,168,249,Liam Foster,34,4,,,
2022-2023,,,,710,9,496,357,,,,,,
2022-2023,,,,711,10,431,209,,,,,,
2022-2023,,,,712,11,151,271,Sophia Reynolds,38,4,,,
2022-2023,,,,713,11,434,411,,,,,,
2022-2023,,,,714,9,311,187,,,,Ella Simmons,26,6
2022-2023,,,,715,11,429,219,,,,,,
2022-2023,,,,716,11,217,287,,,,,,
2022-2023,,,,717,9,180,431,Charlotte Peterson,2,1,,,
2022-2023,,,,718,10,282,254,,,,,,
2022-2023,,,,719,11,388,255,,,,,,
2022-2023,,,,720,11,202,173,,,,Ava Parker,12,1
2022-2023,,,,721,10,226,282,,,,,,
2022-2023,,,,722,9,384,233,,,,,,
2022-2023,,,,723,9,242,371,,,,,,
2022-2023,,,,724,11,194,164,Sofia Reed,13,2,Sofia Reed,7,5
2022-2023,,,,725,11,292,412,,,,,,
2022-2023,,,,726,9,412,205,,,,,,
2022-2023,,,,727,9,256,230,,,,,,
2022-2023,,,,728,10,230,197,,,,Alexander Gray,29,1
2022-2023,,,,729,10,482,289,,,,,,
2022-2023,,,,730,10,187,253,Daniel Wright,32,4,,,
2022-2023,,,,731,10,193,410,Avery Foster,7,1,,,
2022-2023,,,,732,10,249,125,,,,David Mitchell,10,5
2022-2023,,,,733,11,397,370,,,,,,
2022-2023,,,,734,10,475,313,,,,,,
2022-2023,,,,735,9,424,284,,,,,,
2022-2023,,,,736,11,197,295,Chloe Rivera,3,3,,,
2022-2023,,,,737,11,405,141,,,,Ryan Hayes,19,4
2022-2023,,,,738,10,161,283,Matthew Hughes,11,1,,,
2022-2023,,,,739,9,164,258,Sofia Reed,26,1,,,
2022-2023,,,,740,10,338,500,,,,,,
2022-2023,,,,741,11,202,250,,,,,,
2022-2023,,,,742,11,197,196,Amelia Brooks,36,1,Amelia Brooks,35,2
2022-2023,Redwood Grove Educational Network,Reno,NV,743,11,409,248,,,,,,
2022-2023,,,,744,11,429,291,,,,,,
2022-2023,,,,745,9,463,151,,,,Ethan Morgan,13,1
2022-2023,,,,746,11,350,485,,,,,,
2022-2023,,,,747,11,302,253,,,,,,
2022-2023,,,,748,9,448,285,,,,,,
2022-2023,,,,749,11,379,405,,,,,,
2022-2023,,,,750,9,468,211,,,,,,
2022-2023,,,,751,11,218,260,,,,,,
2022-2023,,,,752,9,484,144,,,,Sophia Reynolds,32,6
2022-2023,,,,753,11,356,394,,,,,,
2022-2023,,,,754,10,221,153,,,,Isabella Bennett,16,4
2022-2023,,,,755,10,299,336,,,,,,
2022-2023,,,,756,11,483,375,,,,,,
2022-2023,,,,757,9,386,221,,,,,,
2022-2023,,,,758,10,191,318,David Mitchell,27,6,,,
2022-2023,,,,759,10,295,322,,,,,,
2022-2023,,,,760,9,299,300,,,,,,
2022-2023,,,,761,11,193,175,Evelyn Mitchell,14,5,Evelyn Mitchell,16,3
2022-2023,,,,762,11,215,490,,,,,,
2022-2023,,,,763,11,277,394,,,,,,
2022-2023,,,,764,10,276,443,,,,,,
2022-2023,,,,765,10,465,177,,,,Alexander Gray,24,5
2022-2023,,,,766,9,333,465,,,,,,
2022-2023,,,,767,9,334,491,,,,,,
2022-2023,,,,768,10,470,479,,,,,,
2022-2023,,,,769,11,298,309,,,,,,
2022-2023,,,,770,11,204,153,,,,Olivia Simmons,39,2
2022-2023,,,,771,11,351,373,,,,,,
2022-2023,,,,772,9,454,238,,,,,,
2022-2023,,,,773,9,182,396,Ryan Hayes,30,5,,,
2022-2023,,,,774,10,447,230,,,,,,
2022-2023,,,,775,10,407,323,,,,,,
2022-2023,,,,776,11,489,132,,,,Avery Foster,14,5
2022-2023,,,,777,10,394,159,,,,Daniel Morgan,38,5
2022-2023,,,,778,11,161,170,Mia Richardson,40,2,Mia Richardson,11,5
2022-2023,,,,779,10,287,211,,,,,,
2022-2023,,,,780,11,459,160,,,,Avery Foster,40,3
2022-2023,,,,781,11,334,297,,,,,,
2022-2023,,,,782,10,323,368,,,,,,
2022-2023,,,,783,9,264,376,,,,,,
2022-2023,,,,784,11,405,377,,,,,,
2022-2023,,,,785,10,124,171,Ethan Morgan,7,6,Ethan Morgan,40,5
2022-2023,,,,786,11,326,242,,,,,,
2022-2023,,,,787,10,339,205,,,,,,
2022-2023,,,,788,9,195,378,Elizabeth Scott,11,5,,,
2022-2023,,,,789,9,381,214,,,,,,
2022-2023,,,,790,10,144,413,Henry Cooper,29,5,,,
2022-2023,,,,791,10,189,371,Scarlett Parker,18,1,,,
2022-2023,,,,792,11,500,323,,,,,,
2022-2023,,,,793,9,125,204,Liam Foster,4,5,,,
2022-2023,,,,794,11,248,200,,,,,,
2022-2023,,,,795,11,403,426,,,,,,
2022-2023,Sunflower Hills Independent Schools,Green Bay,WI,796,10,317,165,,,,Michael Adams,38,5
2022-2023,,,,797,9,488,246,,,,,,
2022-2023,,,,798,11,353,209,,,,,,
2022-2023,,,,799,9,205,495,,,,,,
2022-2023,,,,800,9,228,440,,,,,,
2022-2023,,,,801,10,445,354,,,,,,
2022-2023,,,,802,11,154,228,Charlotte Peterson,34,3,,,
2022-2023,,,,803,10,345,352,,,,,,
2022-2023,,,,804,9,363,370,,,,,,
2022-2023,,,,805,10,180,479,Scarlett Parker,36,2,,,
2022-2023,,,,806,11,227,455,,,,,,
2022-2023,,,,807,11,392,143,,,,Scarlett Parker,35,1
2022-2023,,,,808,11,235,320,,,,,,
2022-2023,,,,809,10,445,186,,,,Christopher Price,33,1
2022-2023,,,,810,10,316,474,,,,,,
2022-2023,,,,811,11,469,418,,,,,,
2022-2023,,,,812,9,138,317,Joseph Coleman,14,2,,,
2022-2023,,,,813,10,491,136,,,,Matthew Hughes,4,3
2022-2023,,,,814,10,386,406,,,,,,
2022-2023,,,,815,10,289,456,,,,,,
2022-2023,,,,816,11,356,140,,,,David Mitchell,24,4
2022-2023,,,,817,10,396,471,,,,,,
2022-2023,,,,818,11,196,169,Avery Foster,3,4,Avery Foster,23,5
2022-2023,,,,819,10,439,249,,,,,,
2022-2023,,,,820,10,287,220,,,,,,
2022-2023,,,,821,9,305,156,,,,Ethan Morgan,7,5
2022-2023,,,,822,9,370,194,,,,Abigail Nelson,8,2
2022-2023,,,,823,9,475,263,,,,,,
2022-2023,,,,824,9,299,430,,,,,,
2022-2023,,,,825,10,210,226,,,,,,
2022-2023,,,,826,9,460,333,,,,,,
2022-2023,,,,827,9,131,376,Liam Foster,17,6,,,
2022-2023,,,,828,9,155,414,Abigail Nelson,33,6,,,
2022-2023,,,,829,10,464,223,,,,,,
2022-2023,,,,830,10,301,416,,,,,,
2022-2023,,,,831,11,193,182,James Turner,5,5,James Turner,19,3
2022-2023,,,,832,11,262,327,,,,,,
2022-2023,,,,833,10,231,238,,,,,,
2022-2023,,,,834,11,260,152,,,,Ava Parker,22,5
2022-2023,,,,835,11,248,232,,,,,,
2022-2023,,,,836,10,266,488,,,,,,
2022-2023,,,,837,9,281,296,,,,,,
2022-2023,,,,838,9,343,198,,,,Daniel Wright,20,6
2022-2023,,,,839,11,481,372,,,,,,
2022-2023,,,,840,10,190,397,Matthew Hughes,33,1,,,
2022-2023,,,,841,11,247,290,,,,,,
2022-2023,,,,842,11,272,143,,,,Isabella Bennett,34,2
2022-2023,,,,843,9,229,498,,,,,,
2022-2023,,,,844,11,185,217,Joseph Coleman,36,2,,,
2022-2023,,,,845,9,230,320,,,,,,
2022-2023,,,,846,9,429,491,,,,,,
2022-2023,Sycamore Ridge Unified,New York City,NY,847,10,178,148,Sophia Reynolds,27,6,Sophia Reynolds,34,1
2022-2023,,,,848,9,350,487,,,,,,
2022-2023,,,,849,10,357,157,,,,Evelyn Mitchell,24,3
2022-2023,,,,850,10,305,126,,,,Ethan Morgan,8,3
2022-2023,,,,851,11,310,145,,,,William Carter,26,2
2022-2023,,,,852,9,360,381,,,,,,
2022-2023,,,,853,10,289,489,,,,,,
2022-2023,,,,854,11,220,415,,,,,,
2022-2023,,,,855,10,248,367,,,,,,
2022-2023,,,,856,9,336,325,,,,,,
2022-2023,,,,857,11,500,141,,,,Isabella Bennett,11,2
2022-2023,,,,858,9,472,299,,,,,,
2022-2023,,,,859,9,272,468,,,,,,
2022-2023,,,,860,9,196,253,Nicholas Turner,26,5,,,
2022-2023,,,,861,10,223,170,,,,Christopher Price,2,6
2022-2023,,,,862,9,430,137,,,,Emily Foster,39,6
2022-2023,,,,863,9,402,357,,,,,,
2022-2023,,,,864,9,452,304,,,,,,
2022-2023,,,,865,11,178,204,Samuel Gray,33,3,,,
2022-2023,,,,866,11,186,225,Olivia Simmons,31,2,,,
2022-2023,,,,867,10,322,221,,,,,,
2022-2023,,,,868,11,446,303,,,,,,
2022-2023,,,,869,11,218,468,,,,,,
2022-2023,,,,870,11,173,238,Sophia Reynolds,17,6,,,
2022-2023,,,,871,9,248,190,,,,Alexander Gray,10,5
2022-2023,,,,872,9,464,294,,,,,,
2022-2023,,,,873,10,406,347,,,,,,
2022-2023,,,,874,10,298,180,,,,Samuel Gray,33,2
2022-2023,,,,875,9,265,144,,,,Olivia Simmons,36,5
2022-2023,,,,876,11,238,248,,,,,,
2022-2023,,,,877,9,145,463,Ava Parker,35,5,,,
2022-2023,,,,878,9,216,272,,,,,,
2022-2023,,,,879,11,474,403,,,,,,
2022-2023,,,,880,11,247,280,,,,,,
2022-2023,,,,881,10,380,352,,,,,,
2022-2023,,,,882,11,311,413,,,,,,
2022-2023,,,,883,10,496,276,,,,,,
2022-2023,,,,884,9,215,124,,,,Victoria Richardson,30,5
2022-2023,,,,885,10,214,267,,,,,,
2022-2023,,,,886,11,284,458,,,,,,
2022-2023,,,,887,11,137,174,Nicholas Turner,21,2,Nicholas Turner,36,1
2022-2023,,,,888,11,438,243,,,,,,
2022-2023,,,,889,11,153,389,Elizabeth Scott,28,4,,,
2022-2023,,,,890,11,336,479,,,,,,
2022-2023,,,,891,9,312,455,,,,,,
2022-2023,,,,892,11,496,353,,,,,,
2022-2023,,,,893,9,252,305,,,,,,
2022-2023,,,,894,10,493,376,,,,,,
2022-2023,,,,895,11,178,369,Nicholas Turner,27,3,,,
2022-2023,,,,896,11,331,388,,,,,,
2022-2023,,,,897,11,446,291,,,,,,
2022-2023,,,,898,9,253,394,,,,,,
2022-2023,Willowbrook Heights School District,Toledo,OH,899,11,226,144,,,,Elizabeth Scott,12,1
2022-2023,,,,900,10,136,361,Samuel Gray,3,2,,,
2022-2023,,,,901,10,434,371,,,,,,
2022-2023,,,,902,11,432,234,,,,,,
2022-2023,,,,903,9,124,415,Ryan Hayes,13,4,,,
2022-2023,,,,904,10,498,462,,,,,,
2022-2023,,,,905,10,290,437,,,,,,
2022-2023,,,,906,11,377,218,,,,,,
2022-2023,,,,907,10,467,382,,,,,,
2022-2023,,,,908,11,413,404,,,,,,
2022-2023,,,,909,9,125,233,Evelyn Mitchell,5,5,,,
2022-2023,,,,910,10,214,265,,,,,,
2022-2023,,,,911,11,411,296,,,,,,
2022-2023,,,,912,9,306,240,,,,,,
2022-2023,,,,913,9,430,182,,,,Daniel Morgan,9,6
2022-2023,,,,914,9,471,394,,,,,,
2022-2023,,,,915,11,428,469,,,,,,
2022-2023,,,,916,10,292,404,,,,,,
2022-2023,,,,917,11,445,474,,,,,,
2022-2023,,,,918,10,344,320,,,,,,
2022-2023,,,,919,11,415,169,,,,Ava Parker,40,6
2022-2023,,,,920,11,493,280,,,,,,
2022-2023,,,,921,10,304,154,,,,Benjamin Cooper,25,4
2022-2023,,,,922,10,249,480,,,,,,
2022-2023,,,,923,11,265,281,,,,,,
2022-2023,,,,924,9,431,448,,,,,,
2022-2023,,,,925,11,402,418,,,,,,
2022-2023,,,,926,9,183,256,Harper Ward,39,4,,,
2022-2023,,,,927,9,189,379,Noah Hayes,24,1,,,
2022-2023,,,,928,11,220,149,,,,Daniel Morgan,21,5
2022-2023,,,,929,11,297,382,,,,,,
2022-2023,,,,930,9,138,432,Christopher Price,10,2,,,
2022-2023,,,,931,10,199,159,Christopher Price,15,1,Christopher Price,28,1
2022-2023,,,,932,9,474,259,,,,,,
2022-2023,,,,933,9,348,156,,,,Benjamin Cooper,23,1
2022-2023,,,,934,11,125,162,Alexander Gray,17,2,Alexander Gray,18,5
2022-2023,,,,935,10,256,390,,,,,,
2022-2023,,,,936,9,314,129,,,,Joshua Butler,14,5
2022-2023,,,,937,11,405,357,,,,,,
2022-2023,,,,938,10,197,291,William Carter,20,2,,,
2022-2023,,,,939,10,182,121,Daniel Wright,27,2,Daniel Wright,15,3
2022-2023,,,,940,10,134,485,Avery Foster,21,4,,,
2022-2023,,,,941,10,216,214,,,,,,
2022-2023,,,,942,10,135,133,Victoria Richardson,27,4,Victoria Richardson,24,2
2022-2023,,,,943,11,153,241,Avery Foster,40,4,,,
2022-2023,,,,944,11,223,357,,,,,,
2022-2023,,,,945,10,196,455,Aria Peterson,34,2,,,
2022-2023,,,,946,9,275,270,,,,,,
2022-2023,,,,947,11,375,126,,,,Logan Carter,19,2
2022-2023,,,,948,9,413,382,,,,,,
2022-2023,,,,949,9,155,140,Grace Murphy,18,1,Grace Murphy,39,1
2022-2023,,,,950,9,317,317,,,,,,
2022-2023,,,,951,11,164,298,Isabella Bennett,31,5,,,
2022-2023,,,,952,11,399,299,,,,,,
2022-2023,,,,953,10,428,190,,,,Michael Adams,23,1
2022-2023,,,,954,11,367,201,,,,,,
2022-2023,,,,955,11,479,220,,,,,,
2022-2023,,,,956,11,367,195,,,,Sofia Reed,17,1
2022-2023,,,,957,11,445,471,,,,,,
2022-2023,,,,958,9,342,179,,,,Abigail Nelson,7,1
2022-2023,,,,959,9,131,221,Noah Hayes,30,3,,,
2022-2023,,,,960,10,382,287,,,,,,
2022-2023,,,,961,10,224,491,,,,,,
2022-2023,,,,962,10,327,129,,,,Daniel Morgan,24,4
2022-2023,,,,963,9,161,326,Benjamin Cooper,3,6,,,
2022-2023,,,,964,10,478,272,,,,,,
2022-2023,,,,965,9,320,205,,,,,,
2022-2023,,,,966,11,200,497,,,,,,
2022-2023,,,,967,11,372,263,,,,,,
2022-2023,,,,968,11,442,219,,,,,,
2022-2023,,,,969,11,227,411,,,,,,
2022-2023,,,,970,10,289,341,,,,,,
2022-2023,,,,971,11,250,216,,,,,,
2022-2023,,,,972,11,220,362,,,,,,
2022-2023,,,,973,9,475,468,,,,,,
2022-2023,,,,974,9,235,170,,,,Emily Foster,6,5
2022-2023,,,,975,9,126,380,Charlotte Peterson,26,5,,,
2022-2023,,,,976,9,341,317,,,,,,
2022-2023,,,,977,11,450,498,,,,,,
2022-2023,,,,978,11,243,244,,,,,,
2022-2023,,,,979,10,427,138,,,,Ryan Hayes,22,4
2022-2023,,,,980,10,132,404,Ava Parker,8,4,,,
2022-2023,,,,981,9,331,357,,,,,,
2022-2023,,,,982,11,223,405,,,,,,
2022-2023,,,,983,9,246,344,,,,,,
2022-2023,,,,984,9,353,207,,,,,,
2022-2023,,,,985,11,396,244,,,,,,
2022-2023,,,,986,9,261,334,,,,,,
2022-2023,,,,987,9,358,322,,,,,,
2022-2023,,,,988,10,246,277,,,,,,
2022-2023,,,,989,11,371,482,,,,,,
2022-2023,,,,990,9,492,178,,,,Mia Richardson,3,4
2022-2023,,,,991,11,281,243,,,,,,
2022-2023,,,,992,10,162,141,Aria Peterson,20,3,Aria Peterson,26,4
2022-2023,,,,993,9,261,187,,,,Olivia Simmons,3,1
2022-2023,,,,994,10,185,469,Chloe Rivera,32,3,,,
2022-2023,,,,995,10,488,416,,,,,,
2022-2023,,,,996,10,375,153,,,,Avery Foster,28,5
2022-2023,,,,997,11,212,407,,,,,,
2022-2023,,,,998,11,196,399,Evelyn Mitchell,19,4,,,
2022-2023,,,,999,9,344,413,,,,,,
2022-2023,,,,1000,11,171,325,Ella Simmons,6,3,,,
2023-2024,Alderwood County Schools,Pompano Beach,FL,1,12,378,262,,,,,,
2023-2024,,,,2,11,419,186,,,,Olivia Simmons,6,5
2023-2024,,,,3,11,147,201,Henry Cooper,19,1,Henry Cooper,17,3
2023-2024,,,,4,11,153,329,James Turner,5,2,,,
2023-2024,,,,5,10,320,362,,,,,,
2023-2024,,,,6,11,289,338,,,,,,
2023-2024,,,,7,11,481,486,,,,,,
2023-2024,,,,8,10,238,450,,,,,,
2023-2024,,,,9,10,465,210,,,,Logan Carter,16,2
2023-2024,,,,10,10,203,263,Ethan Morgan,34,6,,,
2023-2024,,,,11,12,357,302,,,,,,
2023-2024,,,,12,10,410,113,,,,Aria Peterson,37,2
2023-2024,,,,13,10,427,147,,,,Emily Foster,30,2
2023-2024,,,,14,10,438,340,,,,,,
2023-2024,,,,15,11,354,394,,,,,,
2023-2024,,,,16,12,425,486,,,,,,
2023-2024,,,,17,10,401,244,,,,,,
2023-2024,,,,18,12,251,270,,,,,,
2023-2024,,,,19,11,242,334,,,,,,
2023-2024,,,,20,10,191,462,Matthew Hughes,3,6,,,
2023-2024,,,,21,10,179,420,Ava Parker,26,2,,,
2023-2024,,,,22,11,235,398,,,,,,
2023-2024,,,,23,12,367,199,,,,,,
2023-2024,,,,24,11,163,224,Daniel Wright,6,1,Daniel Wright,32,6
2023-2024,,,,25,12,393,376,,,,,,
2023-2024,,,,26,11,227,472,Nicholas Turner,33,4,,,
2023-2024,,,,27,12,423,241,,,,,,
2023-2024,,,,28,12,418,300,,,,,,
2023-2024,,,,29,10,270,320,,,,,,
2023-2024,,,,30,11,312,114,,,,Matthew Hughes,34,1
2023-2024,,,,31,12,405,203,,,,,,
2023-2024,,,,32,10,440,499,,,,,,
2023-2024,,,,33,10,482,257,,,,,,
2023-2024,,,,34,11,141,241,Ethan Morgan,28,3,Ethan Morgan,23,3
2023-2024,,,,35,12,216,242,Victoria Richardson,40,2,Victoria Richardson,15,1
2023-2024,,,,36,12,177,266,Mia Richardson,36,1,,,
2023-2024,,,,37,12,380,429,,,,,,
2023-2024,,,,38,11,303,418,,,,,,
2023-2024,,,,39,12,250,463,,,,,,
2023-2024,,,,40,10,368,146,,,,Chloe Rivera,19,1
2023-2024,,,,41,11,379,222,,,,,,
2023-2024,,,,42,12,259,239,,,,Abigail Nelson,9,1
2023-2024,,,,43,10,385,319,,,,,,
2023-2024,,,,44,10,267,489,,,,,,
2023-2024,,,,45,12,480,365,,,,,,
2023-2024,,,,46,12,269,373,,,,,,
2023-2024,,,,47,10,321,164,,,,Avery Foster,30,3
2023-2024,,,,48,11,293,397,,,,,,
2023-2024,,,,49,11,163,338,Abigail Nelson,18,4,,,
2023-2024,,,,50,11,179,180,Christopher Price,26,3,Christopher Price,41,3
2023-2024,Aspen Ridge Public Education,Grand Junction,CO,51,11,454,316,,,,,,
2023-2024,,,,52,10,220,196,Sofia Reed,11,5,Sofia Reed,7,1
2023-2024,,,,53,11,188,375,Elizabeth Scott,35,5,,,
2023-2024,,,,54,12,342,383,,,,,,
2023-2024,,,,55,12,277,442,,,,,,
2023-2024,,,,56,11,506,323,,,,,,
2023-2024,,,,57,12,258,498,,,,,,
2023-2024,,,,58,12,279,342,,,,,,
2023-2024,,,,59,12,235,348,,,,,,
2023-2024,,,,60,12,407,409,,,,,,
2023-2024,,,,61,12,281,374,,,,,,
2023-2024,,,,62,12,452,213,,,,,,
2023-2024,,,,63,11,348,295,,,,,,
2023-2024,,,,64,10,231,333,,,,,,
2023-2024,,,,65,11,483,262,,,,,,
2023-2024,,,,66,11,210,251,,,,,,
2023-2024,,,,67,12,172,402,Henry Cooper,32,1,,,
2023-2024,,,,68,12,368,367,,,,,,
2023-2024,,,,69,11,254,378,,,,,,
2023-2024,,,,70,12,505,436,,,,,,
2023-2024,,,,71,11,383,338,,,,,,
2023-2024,,,,72,11,336,467,,,,,,
2023-2024,,,,73,11,153,271,Lily Bennett,17,1,,,
2023-2024,,,,74,11,175,431,Lily Bennett,15,5,,,
2023-2024,,,,75,10,325,248,,,,,,
2023-2024,,,,76,11,412,400,,,,,,
2023-2024,,,,77,12,373,134,,,,Matthew Hughes,13,3
2023-2024,,,,78,10,188,192,Scarlett Parker,16,3,Scarlett Parker,26,2
2023-2024,,,,79,11,261,244,,,,,,
2023-2024,,,,80,10,341,237,,,,,,
2023-2024,,,,81,10,412,422,,,,,,
2023-2024,,,,82,10,504,347,,,,,,
2023-2024,,,,83,12,397,272,,,,,,
2023-2024,,,,84,12,201,348,Noah Hayes,4,4,,,
2023-2024,,,,85,10,177,237,Michael Adams,30,6,,,
2023-2024,,,,86,11,256,213,,,,Avery Foster,2,6
2023-2024,,,,87,12,484,281,,,,,,
2023-2024,,,,88,11,283,269,,,,,,
2023-2024,,,,89,10,195,271,Lily Bennett,42,2,,,
2023-2024,,,,90,10,229,495,,,,,,
2023-2024,,,,91,10,306,438,,,,,,
2023-2024,,,,92,12,359,172,,,,Alexander Gray,37,4
2023-2024,,,,93,11,232,478,,,,,,
2023-2024,,,,94,10,429,188,,,,Victoria Richardson,32,3
2023-2024,,,,95,11,480,265,,,,,,
2023-2024,,,,96,11,243,269,,,,,,
2023-2024,,,,97,11,294,212,,,,,,
2023-2024,,,,98,12,437,476,,,,,,
2023-2024,,,,99,12,239,267,,,,,,
2023-2024,,,,100,11,420,330,,,,,,
2023-2024,Birchwood Regional District,Gainesville,FL,101,11,209,509,,,,,,
2023-2024,,,,102,10,336,409,,,,,,
2023-2024,,,,103,11,304,227,,,,Alexander Gray,29,6
2023-2024,,,,104,10,145,241,Emily Foster,31,5,,,
2023-2024,,,,105,12,327,338,,,,,,
2023-2024,,,,106,12,276,367,,,,,,
2023-2024,,,,107,11,258,335,,,,,,
2023-2024,,,,108,10,481,497,,,,,,
2023-2024,,,,109,10,349,338,,,,,,
2023-2024,,,,110,12,220,361,Elizabeth Scott,26,6,,,
2023-2024,,,,111,12,295,166,,,,William Carter,24,5
2023-2024,,,,112,11,351,327,,,,,,
2023-2024,,,,113,10,417,394,,,,,,
2023-2024,,,,114,10,307,470,,,,,,
2023-2024,,,,115,10,382,500,,,,,,
2023-2024,,,,116,11,376,161,,,,Emily Foster,5,6
2023-2024,,,,117,12,422,240,,,,,,
2023-2024,,,,118,11,434,397,,,,,,
2023-2024,,,,119,11,135,305,Chloe Rivera,25,1,,,
2023-2024,,,,120,12,352,475,,,,,,
2023-2024,,,,121,10,300,308,,,,,,
2023-2024,,,,122,12,152,334,Joshua Butler,32,3,,,
2023-2024,,,,123,10,147,368,Samuel Gray,20,1,,,
2023-2024,,,,124,11,319,189,,,,Daniel Morgan,32,2
2023-2024,,,,125,10,175,192,Sofia Reed,20,4,,,
2023-2024,,,,126,11,485,429,,,,,,
2023-2024,,,,127,10,414,440,,,,,,
2023-2024,,,,128,10,372,208,,,,,,
2023-2024,,,,129,10,415,307,,,,,,
2023-2024,,,,130,11,365,489,,,,,,
2023-2024,,,,131,12,189,227,Sophia Reynolds,33,2,,,
2023-2024,,,,132,11,190,288,Alexander Gray,13,6,,,
2023-2024,,,,133,12,409,143,,,,Chloe Rivera,21,1
2023-2024,,,,134,11,210,308,,,,,,
2023-2024,,,,135,11,280,374,,,,,,
2023-2024,,,,136,11,360,286,,,,,,
2023-2024,,,,137,11,240,173,,,,Henry Cooper,28,2
2023-2024,,,,138,11,444,496,,,,,,
2023-2024,,,,139,12,435,167,,,,Charlotte Peterson,14,4
2023-2024,,,,140,12,426,279,,,,,,
2023-2024,,,,141,12,330,404,,,,,,
2023-2024,,,,142,12,198,264,,,,,,
2023-2024,,,,143,10,353,175,,,,Amelia Brooks,4,2
2023-2024,,,,144,11,253,493,,,,,,
2023-2024,,,,145,10,390,379,,,,,,
2023-2024,,,,146,11,300,117,,,,Joseph Coleman,39,1
2023-2024,,,,147,10,373,234,,,,,,
2023-2024,,,,148,11,472,235,,,,David Mitchell,2,2
2023-2024,Birchwood Springs Independent Schools,Cleveland,OH,149,11,258,306,,,,,,
2023-2024,,,,150,12,167,433,Scarlett Parker,21,6,,,
2023-2024,,,,151,11,266,270,,,,,,
2023-2024,,,,152,11,344,156,,,,Matthew Hughes,19,6
2023-2024,,,,153,10,351,160,,,,Christopher Price,23,1
2023-2024,,,,154,11,256,424,,,,,,
2023-2024,,,,155,12,196,217,Emily Foster,28,5,,,
2023-2024,,,,156,12,126,320,Evelyn Mitchell,11,1,,,
2023-2024,,,,157,12,486,309,,,,,,
2023-2024,,,,158,10,333,438,,,,,,
2023-2024,,,,159,11,270,309,,,,,,
2023-2024,,,,160,11,478,369,,,,,,
2023-2024,,,,161,12,484,207,,,,Samuel Gray,24,1
2023-2024,,,,162,12,256,437,,,,,,
2023-2024,,,,163,12,330,275,,,,,,
2023-2024,,,,164,12,175,167,Noah Hayes,18,4,Noah Hayes,2,3
2023-2024,,,,165,10,488,404,,,,,,
2023-2024,,,,166,12,448,270,,,,,,
2023-2024,,,,167,11,245,347,Sophia Reynolds,36,3,,,
2023-2024,,,,168,11,454,460,,,,,,
2023-2024,,,,169,11,424,266,,,,,,
2023-2024,,,,170,12,436,410,,,,,,
2023-2024,,,,171,11,356,430,,,,,,
2023-2024,,,,172,12,230,193,,,,Elizabeth Scott,25,3
2023-2024,,,,173,10,277,214,,,,,,
2023-2024,,,,174,11,409,507,,,,,,
2023-2024,,,,175,12,447,270,,,,,,
2023-2024,,,,176,10,167,192,Ethan Morgan,7,6,Ethan Morgan,8,4
2023-2024,,,,177,12,274,201,,,,Daniel Morgan,14,4
2023-2024,,,,178,12,218,373,Isabella Bennett,36,4,,,
2023-2024,,,,179,10,196,153,Mia Richardson,15,3,Mia Richardson,17,5
2023-2024,,,,180,10,168,130,Olivia Simmons,24,2,Olivia Simmons,7,5
2023-2024,,,,181,10,451,394,,,,,,
2023-2024,,,,182,10,226,344,,,,,,
2023-2024,,,,183,11,224,362,Christopher Price,14,3,,,
2023-2024,,,,184,11,124,305,Matthew Hughes,39,3,,,
2023-2024,,,,185,10,337,400,,,,,,
2023-2024,,,,186,12,384,295,,,,,,
2023-2024,,,,187,12,403,425,,,,,,
2023-2024,,,,188,11,384,224,,,,,,
2023-2024,,,,189,10,423,336,,,,,,
2023-2024,,,,190,12,334,359,,,,,,
2023-2024,,,,191,10,389,339,,,,,,
2023-2024,,,,192,10,487,120,,,,Mia Richardson,28,5
2023-2024,Cedar Grove Educational Association,Birmingham,AL,193,11,487,270,,,,,,
2023-2024,,,,194,11,199,510,Daniel Wright,25,6,,,
2023-2024,,,,195,12,218,420,Grace Murphy,29,4,,,
2023-2024,,,,196,12,131,224,Scarlett Parker,28,3,,,
2023-2024,,,,197,12,363,213,,,,Amelia Brooks,31,6
2023-2024,,,,198,10,424,181,,,,Ethan Morgan,13,6
2023-2024,,,,199,10,361,349,,,,,,
2023-2024,,,,200,11,444,309,,,,,,
2023-2024,,,,201,11,324,350,,,,,,
2023-2024,,,,202,12,257,298,,,,,,
2023-2024,,,,203,12,171,370,Evelyn Mitchell,22,4,,,
2023-2024,,,,204,10,219,249,,,,,,
2023-2024,,,,205,11,161,306,David Mitchell,22,3,,,
2023-2024,,,,206,11,227,297,Logan Carter,4,3,,,
2023-2024,,,,207,11,223,161,,,,Ethan Morgan,13,5
2023-2024,,,,208,10,207,344,Victoria Richardson,28,4,,,
2023-2024,,,,209,12,374,221,,,,Evelyn Mitchell,30,2
2023-2024,,,,210,10,478,261,,,,,,
2023-2024,,,,211,11,224,511,,,,,,
2023-2024,,,,212,12,206,376,Ava Parker,8,5,,,
2023-2024,,,,213,10,321,368,,,,,,
2023-2024,,,,214,11,484,409,,,,,,
2023-2024,,,,215,10,240,459,,,,,,
2023-2024,,,,216,11,486,226,,,,,,
2023-2024,,,,217,12,161,224,Joshua Butler,28,3,Joshua Butler,16,1
2023-2024,,,,218,10,294,389,,,,,,
2023-2024,,,,219,12,185,375,David Mitchell,23,4,,,
2023-2024,,,,220,10,499,229,,,,,,
2023-2024,,,,221,11,384,311,,,,,,
2023-2024,,,,222,10,366,148,,,,Andrew Ross,21,3
2023-2024,,,,223,10,377,423,,,,,,
2023-2024,,,,224,11,294,281,,,,,,
2023-2024,,,,225,11,293,158,,,,Lily Bennett,18,3
2023-2024,,,,226,11,361,304,,,,,,
2023-2024,,,,227,10,277,261,,,,,,
2023-2024,,,,228,10,497,199,,,,,,
2023-2024,,,,229,11,195,323,,,,,,
2023-2024,,,,230,11,399,317,,,,,,
2023-2024,,,,231,12,189,211,Noah Hayes,42,2,,,
2023-2024,,,,232,12,294,295,,,,,,
2023-2024,,,,233,10,280,214,,,,William Carter,7,4
2023-2024,,,,234,11,301,207,,,,,,
2023-2024,,,,235,11,447,226,,,,Joshua Butler,36,5
2023-2024,,,,236,12,393,501,,,,,,
2023-2024,,,,237,12,481,253,,,,,,
2023-2024,,,,238,11,224,343,,,,,,
2023-2024,,,,239,11,421,316,,,,,,
2023-2024,,,,240,10,397,227,,,,Daniel Morgan,3,3
2023-2024,,,,241,12,181,255,Ava Parker,37,6,,,
2023-2024,,,,242,12,294,445,,,,,,
2023-2024,Cedarwood Independent Schools,Fort Worth,TX,243,10,213,307,,,,,,
2023-2024,,,,244,12,157,220,William Carter,42,6,,,
2023-2024,,,,245,12,201,391,Alexander Gray,32,1,,,
2023-2024,,,,246,11,401,180,,,,Evelyn Mitchell,23,2
2023-2024,,,,247,12,422,234,,,,,,
2023-2024,,,,248,10,465,305,,,,,,
2023-2024,,,,249,10,340,291,,,,,,
2023-2024,,,,250,11,403,385,,,,,,
2023-2024,,,,251,11,425,426,,,,,,
2023-2024,,,,252,10,403,307,,,,,,
2023-2024,,,,253,12,141,129,Alexander Gray,12,5,Alexander Gray,6,2
2023-2024,,,,254,10,158,222,Daniel Wright,23,3,,,
2023-2024,,,,255,11,166,296,Evelyn Mitchell,11,6,,,
2023-2024,,,,256,11,269,415,,,,,,
2023-2024,,,,257,10,342,174,,,,Daniel Morgan,25,5
2023-2024,,,,258,12,297,321,,,,,,
2023-2024,,,,259,12,263,222,,,,,,
2023-2024,,,,260,10,192,299,,,,,,
2023-2024,,,,261,10,380,476,,,,,,
2023-2024,,,,262,10,358,474,,,,,,
2023-2024,,,,263,12,473,248,,,,,,
2023-2024,,,,264,12,151,438,Andrew Ross,27,5,,,
2023-2024,,,,265,12,193,381,Aria Peterson,12,3,,,
2023-2024,,,,266,11,194,389,,,,,,
2023-2024,,,,267,12,147,480,Chloe Rivera,16,3,,,
2023-2024,,,,268,10,445,191,,,,Mia Richardson,7,3
2023-2024,,,,269,11,132,353,Abigail Nelson,11,6,,,
2023-2024,,,,270,10,182,350,Isabella Bennett,28,1,,,
2023-2024,,,,271,11,492,405,,,,,,
2023-2024,,,,272,10,355,293,,,,,,
2023-2024,,,,273,11,177,250,Grace Murphy,27,4,,,
2023-2024,,,,274,10,470,263,,,,,,
2023-2024,,,,275,10,322,161,,,,Olivia Simmons,21,3
2023-2024,,,,276,11,490,189,,,,Olivia Simmons,6,4
2023-2024,,,,277,12,310,463,,,,,,
2023-2024,,,,278,10,472,171,,,,Benjamin Cooper,37,5
2023-2024,,,,279,10,125,231,Daniel Morgan,11,6,,,
2023-2024,,,,280,12,302,186,,,,Scarlett Parker,38,5
2023-2024,,,,281,10,420,207,,,,Noah Hayes,31,1
2023-2024,,,,282,12,151,399,Joseph Coleman,18,3,,,
2023-2024,,,,283,10,457,349,,,,,,
2023-2024,,,,284,11,310,428,,,,,,
2023-2024,,,,285,10,319,243,,,,Noah Hayes,8,5
2023-2024,,,,286,12,391,156,,,,Aria Peterson,33,3
2023-2024,,,,287,11,146,158,Samuel Gray,27,1,Samuel Gray,13,5
2023-2024,,,,288,11,215,254,,,,,,
2023-2024,,,,289,11,198,415,,,,,,
2023-2024,,,,290,10,397,382,,,,,,
2023-2024,,,,291,12,418,431,,,,,,
2023-2024,,,,292,12,218,204,,,,Amelia Brooks,37,1
2023-2024,,,,293,10,266,335,,,,,,
2023-2024,,,,294,10,221,174,,,,Avery Foster,15,1
2023-2024,,,,295,11,215,317,,,,,,
2023-2024,,,,296,10,375,276,,,,,,
2023-2024,,,,297,12,229,458,,,,,,
2023-2024,,,,298,12,330,312,,,,,,
2023-2024,Cypress Creek County Schools,San Angelo,TX,299,10,196,171,David Mitchell,6,3,David Mitchell,22,4
2023-2024,,,,300,11,163,254,Amelia Brooks,28,6,,,
2023-2024,,,,301,11,359,229,,,,,,
2023-2024,,,,302,11,139,129,Lily Bennett,11,3,Lily Bennett,37,2
2023-2024,,,,303,11,424,288,,,,,,
2023-2024,,,,304,11,290,192,,,,Mia Richardson,29,5
2023-2024,,,,305,10,355,228,,,,,,
2023-2024,,,,306,12,356,312,,,,,,
2023-2024,,,,307,11,414,441,,,,,,
2023-2024,,,,308,10,216,353,,,,,,
2023-2024,,,,309,11,151,247,Michael Adams,41,6,,,
2023-2024,,,,310,12,402,507,,,,,,
2023-2024,,,,311,11,212,483,,,,,,
2023-2024,,,,312,11,175,489,Andrew Ross,4,3,,,
2023-2024,,,,313,10,227,479,,,,,,
2023-2024,,,,314,10,434,150,,,,Daniel Morgan,33,4
2023-2024,,,,315,12,481,325,,,,,,
2023-2024,,,,316,11,197,195,,,,Benjamin Cooper,26,3
2023-2024,,,,317,11,199,476,Samuel Gray,10,4,,,
2023-2024,,,,318,11,133,393,Mia Richardson,30,1,,,
2023-2024,,,,319,12,219,226,,,,,,
2023-2024,,,,320,12,251,392,,,,,,
2023-2024,,,,321,11,254,228,,,,Daniel Morgan,28,6
2023-2024,,,,322,11,351,156,,,,Ethan Morgan,40,1
2023-2024,,,,323,11,459,316,,,,,,
2023-2024,,,,324,10,264,292,,,,,,
2023-2024,,,,325,11,202,228,Noah Hayes,35,4,Noah Hayes,2,2
2023-2024,,,,326,11,328,230,,,,,,
2023-2024,,,,327,11,165,230,James Turner,7,1,,,
2023-2024,,,,328,10,291,359,,,,,,
2023-2024,,,,329,11,212,235,,,,,,
2023-2024,,,,330,12,369,256,,,,,,
2023-2024,,,,331,10,242,454,,,,,,
2023-2024,,,,332,10,213,375,,,,,,
2023-2024,,,,333,12,307,366,,,,,,
2023-2024,,,,334,11,165,209,Abigail Nelson,35,4,,,
2023-2024,,,,335,12,120,152,David Mitchell,8,5,David Mitchell,37,6
2023-2024,,,,336,11,341,448,,,,,,
2023-2024,,,,337,11,349,147,,,,Henry Cooper,29,3
2023-2024,,,,338,11,219,289,Nicholas Turner,21,3,,,
2023-2024,,,,339,11,240,485,,,,,,
2023-2024,,,,340,12,404,287,,,,,,
2023-2024,,,,341,12,304,406,,,,,,
2023-2024,,,,342,10,231,465,Liam Foster,4,1,,,
2023-2024,,,,343,12,337,178,,,,Daniel Wright,21,3
2023-2024,,,,344,10,425,503,,,,,,
2023-2024,,,,345,11,213,217,,,,,,
2023-2024,,,,346,10,216,307,,,,,,
2023-2024,,,,347,10,404,240,,,,,,
2023-2024,,,,348,11,213,244,,,,Avery Foster,39,6
2023-2024,Elmwood Heights Public Schools,Santa Barbara,CA,349,12,289,251,,,,,,
2023-2024,,,,350,12,229,306,Sophia Reynolds,11,3,,,
2023-2024,,,,351,11,226,483,,,,,,
2023-2024,,,,352,11,235,456,,,,,,
2023-2024,,,,353,11,138,221,Daniel Morgan,29,3,Daniel Morgan,38,4
2023-2024,,,,354,10,281,354,,,,,,
2023-2024,,,,355,11,444,275,,,,,,
2023-2024,,,,356,11,281,214,,,,,,
2023-2024,,,,357,11,500,489,,,,,,
2023-2024,,,,358,10,381,328,,,,,,
2023-2024,,,,359,10,142,386,Emily Foster,34,3,,,
2023-2024,,,,360,12,457,489,,,,,,
2023-2024,,,,361,10,295,416,,,,,,
2023-2024,,,,362,12,374,257,,,,,,
2023-2024,,,,363,10,480,275,,,,,,
2023-2024,,,,364,10,370,486,,,,,,
2023-2024,,,,365,11,279,365,,,,,,
2023-2024,,,,366,12,365,346,,,,,,
2023-2024,,,,367,11,321,390,,,,,,
2023-2024,,,,368,12,228,222,,,,,,
2023-2024,,,,369,12,217,333,,,,,,
2023-2024,,,,370,11,306,276,,,,,,
2023-2024,,,,371,12,383,397,,,,,,
2023-2024,,,,372,12,151,314,Mia Richardson,22,4,,,
2023-2024,,,,373,12,420,193,,,,,,
2023-2024,,,,374,10,255,136,,,,Scarlett Parker,25,5
2023-2024,,,,375,11,264,471,,,,,,
2023-2024,,,,376,10,410,389,,,,,,
2023-2024,,,,377,11,282,234,,,,,,
2023-2024,,,,378,11,179,253,Logan Carter,18,2,,,
2023-2024,,,,379,12,168,175,Michael Adams,21,1,Michael Adams,29,6
2023-2024,,,,380,12,193,147,Harper Ward,11,6,Harper Ward,9,4
2023-2024,,,,381,12,461,169,,,,Samuel Gray,27,6
2023-2024,,,,382,11,363,293,,,,,,
2023-2024,,,,383,12,206,453,William Carter,24,3,,,
2023-2024,,,,384,10,416,148,,,,Chloe Rivera,20,4
2023-2024,,,,385,11,114,201,Ella Simmons,9,4,Ella Simmons,12,1
2023-2024,,,,386,11,204,383,Henry Cooper,11,6,,,
2023-2024,,,,387,12,457,378,,,,,,
2023-2024,,,,388,11,154,388,David Mitchell,24,5,,,
2023-2024,,,,389,11,384,242,,,,,,
2023-2024,,,,390,11,333,306,,,,,,
2023-2024,,,,391,10,234,288,,,,,,
2023-2024,,,,392,11,217,208,,,,,,
2023-2024,,,,393,11,497,233,,,,,,
2023-2024,,,,394,11,460,267,,,,,,
2023-2024,,,,395,12,248,439,,,,,,
2023-2024,,,,396,12,370,186,,,,Ethan Morgan,8,4
2023-2024,Hawthorn Valley Unified,Cheyenne,WY,397,12,248,305,,,,,,
2023-2024,,,,398,10,348,427,,,,,,
2023-2024,,,,399,11,178,418,Ava Parker,39,4,,,
2023-2024,,,,400,12,303,403,,,,,,
2023-2024,,,,401,10,443,220,,,,Benjamin Cooper,28,3
2023-2024,,,,402,10,480,499,,,,,,
2023-2024,,,,403,10,225,260,,,,,,
2023-2024,,,,404,11,399,300,,,,,,
2023-2024,,,,405,10,456,426,,,,,,
2023-2024,,,,406,11,190,493,,,,,,
2023-2024,,,,407,11,371,166,,,,Olivia Simmons,27,4
2023-2024,,,,408,12,283,195,,,,Samuel Gray,28,3
2023-2024,,,,409,12,300,458,,,,,,
2023-2024,,,,410,10,459,393,,,,,,
2023-2024,,,,411,12,340,483,,,,,,
2023-2024,,,,412,10,436,486,,,,,,
2023-2024,,,,413,12,201,501,William Carter,24,5,,,
2023-2024,,,,414,12,265,195,,,,Elizabeth Scott,17,6
2023-2024,,,,415,12,454,499,,,,,,
2023-2024,,,,416,10,417,296,,,,,,
2023-2024,,,,417,12,287,375,,,,,,
2023-2024,,,,418,11,206,405,David Mitchell,12,2,,,
2023-2024,,,,419,11,227,436,,,,,,
2023-2024,,,,420,11,387,339,,,,,,
2023-2024,,,,421,11,240,266,,,,,,
2023-2024,,,,422,10,423,380,,,,,,
2023-2024,,,,423,10,192,459,Scarlett Parker,26,4,,,
2023-2024,,,,424,12,268,382,,,,,,
2023-2024,,,,425,11,483,224,,,,Grace Murphy,19,6
2023-2024,,,,426,10,484,460,,,,,,
2023-2024,,,,427,10,489,243,,,,,,
2023-2024,,,,428,10,129,151,Lily Bennett,21,5,Lily Bennett,7,5
2023-2024,,,,429,10,194,498,Samuel Gray,26,5,,,
2023-2024,,,,430,11,256,469,,,,,,
2023-2024,,,,431,12,250,184,,,,Nicholas Turner,3,1
2023-2024,,,,432,12,298,418,,,,,,
2023-2024,,,,433,10,181,393,Joshua Butler,30,1,,,
2023-2024,,,,434,12,260,404,,,,,,
2023-2024,,,,435,11,274,389,,,,,,
2023-2024,Juniper Falls School Board,Longview,TX,436,11,462,263,,,,,,
2023-2024,,,,437,11,276,387,,,,,,
2023-2024,,,,438,10,474,232,,,,Daniel Wright,12,2
2023-2024,,,,439,11,201,357,,,,,,
2023-2024,,,,440,10,150,179,Nicholas Turner,10,4,Nicholas Turner,13,1
2023-2024,,,,441,11,320,126,,,,Elizabeth Scott,42,1
2023-2024,,,,442,11,492,215,,,,,,
2023-2024,,,,443,11,225,345,,,,,,
2023-2024,,,,444,10,494,490,,,,,,
2023-2024,,,,445,10,178,474,Mia Richardson,4,2,,,
2023-2024,,,,446,11,295,260,,,,,,
2023-2024,,,,447,10,139,179,Michael Adams,29,6,Michael Adams,35,2
2023-2024,,,,448,10,413,179,,,,Ryan Hayes,37,6
2023-2024,,,,449,10,269,191,,,,,,
2023-2024,,,,450,11,366,237,,,,,,
2023-2024,,,,451,12,223,479,Ryan Hayes,8,1,,,
2023-2024,,,,452,11,207,408,,,,,,
2023-2024,,,,453,10,249,256,,,,,,
2023-2024,,,,454,10,334,143,,,,Evelyn Mitchell,31,5
2023-2024,,,,455,12,507,451,,,,,,
2023-2024,,,,456,11,171,399,Joseph Coleman,8,2,,,
2023-2024,,,,457,10,274,220,,,,,,
2023-2024,,,,458,12,439,188,,,,,,
2023-2024,,,,459,12,176,216,William Carter,40,2,William Carter,28,5
2023-2024,,,,460,10,220,242,Evelyn Mitchell,32,1,,,
2023-2024,,,,461,11,406,345,,,,,,
2023-2024,,,,462,10,473,443,,,,,,
2023-2024,,,,463,10,334,269,,,,,,
2023-2024,,,,464,12,150,251,Grace Murphy,6,4,,,
2023-2024,,,,465,10,163,281,Benjamin Cooper,27,3,,,
2023-2024,,,,466,10,202,153,Sofia Reed,39,5,Sofia Reed,2,1
2023-2024,,,,467,11,381,214,,,,,,
2023-2024,,,,468,10,393,234,,,,Scarlett Parker,16,6
2023-2024,,,,469,11,389,487,,,,,,
2023-2024,,,,470,10,232,208,,,,,,
2023-2024,,,,471,11,410,259,,,,,,
2023-2024,,,,472,11,464,325,,,,,,
2023-2024,,,,473,12,192,221,Avery Foster,3,2,,,
2023-2024,,,,474,12,149,463,Ella Simmons,37,1,,,
2023-2024,,,,475,12,485,209,,,,Grace Murphy,4,2
2023-2024,,,,476,11,273,480,,,,,,
2023-2024,,,,477,11,215,298,Ryan Hayes,20,6,,,
2023-2024,,,,478,11,335,376,,,,,,
2023-2024,,,,479,10,320,320,,,,,,
2023-2024,,,,480,10,162,310,Alexander Gray,43,1,,,
2023-2024,,,,481,11,435,367,,,,,,
2023-2024,,,,482,12,434,473,,,,,,
2023-2024,,,,483,12,486,511,,,,,,
2023-2024,,,,484,10,365,331,,,,,,
2023-2024,,,,485,11,194,456,,,,,,
2023-2024,,,,486,12,206,348,,,,,,
2023-2024,,,,487,12,448,232,,,,,,
2023-2024,Laurelwood Township District,Hyattsville,MD,488,12,269,359,,,,,,
2023-2024,,,,489,11,429,238,,,,,,
2023-2024,,,,490,11,247,355,,,,,,
2023-2024,,,,491,12,169,406,Elizabeth Scott,32,5,,,
2023-2024,,,,492,10,285,448,,,,,,
2023-2024,,,,493,11,492,457,,,,,,
2023-2024,,,,494,10,154,502,Matthew Hughes,6,3,,,
2023-2024,,,,495,11,378,242,,,,,,
2023-2024,,,,496,10,149,430,Logan Carter,20,2,,,
2023-2024,,,,497,10,285,238,,,,,,
2023-2024,,,,498,11,358,339,,,,,,
2023-2024,,,,499,12,234,224,Samuel Gray,34,1,,,
2023-2024,,,,500,12,156,290,Liam Foster,22,6,,,
2023-2024,,,,501,10,147,486,Evelyn Mitchell,28,1,,,
2023-2024,,,,502,11,289,226,,,,,,
2023-2024,,,,503,11,182,174,David Mitchell,43,1,David Mitchell,33,4
2023-2024,,,,504,12,205,326,Sophia Reynolds,20,2,,,
2023-2024,,,,505,11,497,427,,,,,,
2023-2024,,,,506,12,374,409,,,,,,
2023-2024,,,,507,11,405,187,,,,Liam Foster,22,4
2023-2024,,,,508,11,312,435,,,,,,
2023-2024,,,,509,12,423,228,,,,,,
2023-2024,,,,510,12,283,326,,,,,,
2023-2024,,,,511,12,277,299,,,,,,
2023-2024,,,,512,11,493,329,,,,,,
2023-2024,,,,513,10,250,327,,,,,,
2023-2024,,,,514,11,499,376,,,,,,
2023-2024,,,,515,11,256,324,,,,,,
2023-2024,,,,516,11,431,188,,,,Grace Murphy,10,5
2023-2024,,,,517,10,299,405,,,,,,
2023-2024,,,,518,10,455,212,,,,,,
2023-2024,,,,519,12,380,315,,,,,,
2023-2024,,,,520,11,270,292,,,,,,
2023-2024,,,,521,10,196,204,,,,Abigail Nelson,21,4
2023-2024,,,,522,10,243,199,,,,Scarlett Parker,22,1
2023-2024,,,,523,10,230,226,,,,,,
2023-2024,,,,524,12,337,199,,,,Amelia Brooks,39,6
2023-2024,,,,525,10,218,419,,,,,,
2023-2024,,,,526,11,183,311,Emily Foster,24,2,,,
2023-2024,,,,527,12,229,333,Daniel Wright,36,6,,,
2023-2024,,,,528,11,416,293,,,,,,
2023-2024,,,,529,10,400,163,,,,Amelia Brooks,35,6
2023-2024,,,,530,12,232,229,,,,,,
2023-2024,,,,531,10,176,204,Andrew Ross,5,5,,,
2023-2024,,,,532,12,378,242,,,,,,
2023-2024,,,,533,10,218,488,,,,,,
2023-2024,,,,534,10,460,383,,,,,,
2023-2024,,,,535,10,302,504,,,,,,
2023-2024,Magnolia Springs School District,Knoxville,TN,536,11,220,333,,,,,,
2023-2024,,,,537,10,234,239,,,,,,
2023-2024,,,,538,12,457,281,,,,,,
2023-2024,,,,539,11,249,304,,,,,,
2023-2024,,,,540,11,166,310,William Carter,1,4,,,
2023-2024,,,,541,11,299,459,,,,,,
2023-2024,,,,542,12,500,141,,,,Ava Parker,9,1
2023-2024,,,,543,12,298,178,,,,Abigail Nelson,3,6
2023-2024,,,,544,11,178,206,Samuel Gray,9,6,,,
2023-2024,,,,545,12,307,205,,,,,,
2023-2024,,,,546,12,279,212,,,,,,
2023-2024,,,,547,10,328,476,,,,,,
2023-2024,,,,548,11,271,213,,,,,,
2023-2024,,,,549,11,130,381,Sophia Reynolds,28,3,,,
2023-2024,,,,550,11,333,272,,,,,,
2023-2024,,,,551,11,256,286,,,,,,
2023-2024,,,,552,10,214,287,Isabella Bennett,19,3,,,
2023-2024,,,,553,11,476,202,,,,,,
2023-2024,,,,554,10,281,138,,,,Grace Murphy,31,1
2023-2024,,,,555,12,342,378,,,,,,
2023-2024,,,,556,12,410,145,,,,Scarlett Parker,43,3
2023-2024,,,,557,11,456,394,,,,,,
2023-2024,,,,558,12,203,139,,,,Michael Adams,28,3
2023-2024,,,,559,12,478,282,,,,,,
2023-2024,,,,560,10,502,473,,,,,,
2023-2024,,,,561,10,238,252,Liam Foster,30,2,,,
2023-2024,,,,562,11,304,260,,,,,,
2023-2024,,,,563,12,211,170,,,,Andrew Ross,30,6
2023-2024,,,,564,11,236,354,,,,,,
2023-2024,,,,565,11,179,468,Ethan Morgan,12,4,,,
2023-2024,,,,566,12,158,236,Samuel Gray,21,2,,,
2023-2024,,,,567,11,158,277,Sofia Reed,14,4,,,
2023-2024,,,,568,10,387,402,,,,,,
2023-2024,,,,569,10,449,236,,,,James Turner,27,3
2023-2024,,,,570,11,261,453,,,,,,
2023-2024,,,,571,11,295,137,,,,James Turner,32,6
2023-2024,,,,572,11,330,307,,,,,,
2023-2024,,,,573,11,271,314,,,,,,
2023-2024,,,,574,11,180,387,James Turner,12,6,,,
2023-2024,,,,575,10,234,142,,,,Ava Parker,16,5
2023-2024,,,,576,12,142,127,Grace Murphy,11,6,Grace Murphy,30,5
2023-2024,,,,577,12,241,395,,,,,,
2023-2024,,,,578,10,187,229,Ava Parker,8,5,,,
2023-2024,,,,579,10,255,206,,,,Benjamin Cooper,18,4
2023-2024,,,,580,12,154,132,Nicholas Turner,12,5,Nicholas Turner,35,5
2023-2024,,,,581,11,236,310,,,,,,
2023-2024,,,,582,12,194,369,Lily Bennett,32,3,,,
2023-2024,,,,583,10,438,243,,,,,,
2023-2024,,,,584,12,434,486,,,,,,
2023-2024,,,,585,10,179,225,Liam Foster,12,3,,,
2023-2024,,,,586,11,199,443,,,,,,
2023-2024,,,,587,11,379,487,,,,,,
2023-2024,,,,588,10,188,411,Scarlett Parker,24,3,,,
2023-2024,,,,589,10,233,448,,,,,,
2023-2024,,,,590,10,281,193,,,,,,
2023-2024,Maple Ridge Central District,New Haven,CT,591,10,420,415,,,,,,
2023-2024,,,,592,12,297,220,,,,,,
2023-2024,,,,593,10,219,484,,,,,,
2023-2024,,,,594,11,207,358,,,,,,
2023-2024,,,,595,11,439,422,,,,,,
2023-2024,,,,596,11,407,176,,,,Mia Richardson,16,3
2023-2024,,,,597,11,185,504,Abigail Nelson,4,6,,,
2023-2024,,,,598,10,405,486,,,,,,
2023-2024,,,,599,10,295,485,,,,,,
2023-2024,,,,600,10,500,371,,,,,,
2023-2024,,,,601,12,512,500,,,,,,
2023-2024,,,,602,11,302,429,,,,,,
2023-2024,,,,603,11,501,413,,,,,,
2023-2024,,,,604,11,218,401,Aria Peterson,17,2,,,
2023-2024,,,,605,11,431,165,,,,Joseph Coleman,21,5
2023-2024,,,,606,11,412,361,,,,,,
2023-2024,,,,607,11,371,401,,,,,,
2023-2024,,,,608,12,314,358,,,,,,
2023-2024,,,,609,10,447,213,,,,,,
2023-2024,,,,610,11,384,367,,,,,,
2023-2024,,,,611,12,487,358,,,,,,
2023-2024,,,,612,12,416,210,,,,,,
2023-2024,,,,613,12,200,363,Benjamin Cooper,31,3,,,
2023-2024,,,,614,10,275,149,,,,Chloe Rivera,24,4
2023-2024,,,,615,12,273,185,,,,William Carter,15,2
2023-2024,,,,616,12,130,413,Benjamin Cooper,14,4,,,
2023-2024,,,,617,10,184,473,Chloe Rivera,41,1,,,
2023-2024,,,,618,10,191,409,Christopher Price,43,6,,,
2023-2024,,,,619,12,207,381,Lily Bennett,43,1,,,
2023-2024,,,,620,10,170,136,Chloe Rivera,35,2,Chloe Rivera,25,3
2023-2024,,,,621,12,459,165,,,,Nicholas Turner,15,1
2023-2024,,,,622,10,217,355,,,,,,
2023-2024,,,,623,12,287,394,,,,,,
2023-2024,,,,624,12,405,405,,,,,,
2023-2024,,,,625,12,177,236,Matthew Hughes,9,5,,,
2023-2024,,,,626,11,210,410,,,,,,
2023-2024,,,,627,10,347,204,,,,,,
2023-2024,,,,628,12,332,147,,,,Ava Parker,18,4
2023-2024,,,,629,10,252,185,,,,Daniel Wright,38,2
2023-2024,,,,630,11,404,265,,,,,,
2023-2024,,,,631,12,147,353,Scarlett Parker,21,3,,,
2023-2024,,,,632,11,402,162,,,,Joseph Coleman,34,1
2023-2024,,,,633,12,297,474,,,,,,
2023-2024,,,,634,12,183,138,James Turner,18,6,James Turner,16,6
2023-2024,,,,635,11,330,208,,,,Elizabeth Scott,12,4
2023-2024,,,,636,10,237,423,Sofia Reed,37,1,,,
2023-2024,,,,637,10,243,178,,,,Ryan Hayes,22,5
2023-2024,,,,638,12,407,401,,,,,,
2023-2024,,,,639,10,330,494,,,,,,
2023-2024,,,,640,10,233,228,,,,,,
2023-2024,Oakwood County School System,Phoenix,AZ,641,10,261,304,,,,,,
2023-2024,,,,642,12,470,190,,,,,,
2023-2024,,,,643,11,190,230,,,,,,
2023-2024,,,,644,12,460,235,,,,,,
2023-2024,,,,645,11,292,211,,,,,,
2023-2024,,,,646,10,172,471,Lily Bennett,33,5,,,
2023-2024,,,,647,12,205,446,,,,,,
2023-2024,,,,648,12,138,366,Isabella Bennett,1,3,,,
2023-2024,,,,649,12,394,372,,,,,,
2023-2024,,,,650,12,316,492,,,,,,
2023-2024,,,,651,11,475,468,,,,,,
2023-2024,,,,652,12,495,172,,,,Ryan Hayes,12,6
2023-2024,,,,653,12,375,365,,,,,,
2023-2024,,,,654,12,387,240,,,,,,
2023-2024,,,,655,10,257,118,,,,Ella Simmons,7,5
2023-2024,,,,656,11,272,193,,,,Emily Foster,24,3
2023-2024,,,,657,10,128,172,Ryan Hayes,40,3,Ryan Hayes,13,3
2023-2024,,,,658,11,124,458,Noah Hayes,35,5,,,
2023-2024,,,,659,10,235,149,,,,Ryan Hayes,5,1
2023-2024,,,,660,12,173,481,Abigail Nelson,21,5,,,
2023-2024,,,,661,12,440,184,,,,Harper Ward,7,5
2023-2024,,,,662,10,181,227,Sofia Reed,15,4,,,
2023-2024,,,,663,11,304,311,,,,,,
2023-2024,,,,664,11,378,151,,,,Alexander Gray,18,1
2023-2024,,,,665,11,226,192,Abigail Nelson,21,4,Abigail Nelson,25,4
2023-2024,,,,666,10,238,350,,,,,,
2023-2024,,,,667,12,429,486,,,,,,
2023-2024,,,,668,12,264,166,,,,Michael Adams,27,6
2023-2024,,,,669,10,166,436,Ava Parker,8,3,,,
2023-2024,,,,670,12,310,199,,,,Matthew Hughes,25,6
2023-2024,,,,671,11,186,178,Joshua Butler,12,2,Joshua Butler,6,5
2023-2024,,,,672,11,352,312,,,,,,
2023-2024,,,,673,12,221,419,Scarlett Parker,32,5,,,
2023-2024,,,,674,12,277,219,,,,,,
2023-2024,,,,675,10,279,272,,,,,,
2023-2024,,,,676,11,198,466,,,,,,
2023-2024,,,,677,10,291,412,,,,,,
2023-2024,,,,678,10,500,500,,,,,,
2023-2024,,,,679,12,153,507,Abigail Nelson,6,2,,,
2023-2024,,,,680,11,307,505,,,,,,
2023-2024,,,,681,10,210,330,,,,,,
2023-2024,,,,682,12,460,177,,,,Lily Bennett,16,5
2023-2024,,,,683,12,418,455,,,,,,
2023-2024,,,,684,10,446,288,,,,,,
2023-2024,,,,685,12,120,394,Daniel Wright,12,3,,,
2023-2024,,,,686,11,228,338,Grace Murphy,22,6,,,
2023-2024,,,,687,10,325,451,,,,,,
2023-2024,,,,688,12,313,284,,,,,,
2023-2024,,,,689,12,312,437,,,,,,
2023-2024,,,,690,11,327,260,,,,,,
2023-2024,,,,691,10,245,208,Mia Richardson,15,4,,,
2023-2024,Pinecrest Educational Consortium,Marietta,GA,692,10,417,485,,,,,,
2023-2024,,,,693,12,477,490,,,,,,
2023-2024,,,,694,11,291,429,,,,,,
2023-2024,,,,695,11,444,167,,,,Lily Bennett,15,5
2023-2024,,,,696,12,390,136,,,,Sophia Reynolds,41,5
2023-2024,,,,697,12,290,297,,,,,,
2023-2024,,,,698,12,235,414,,,,,,
2023-2024,,,,699,11,303,354,,,,,,
2023-2024,,,,700,11,241,460,,,,,,
2023-2024,,,,701,10,296,211,,,,Ryan Hayes,9,5
2023-2024,,,,702,12,201,488,,,,,,
2023-2024,,,,703,12,177,337,Amelia Brooks,5,4,,,
2023-2024,,,,704,12,221,355,,,,,,
2023-2024,,,,705,12,430,263,,,,,,
2023-2024,,,,706,12,399,277,,,,,,
2023-2024,,,,707,10,370,244,,,,Ryan Hayes,15,3
2023-2024,,,,708,10,142,327,Chloe Rivera,33,5,,,
2023-2024,,,,709,10,171,256,Liam Foster,35,6,,,
2023-2024,,,,710,10,506,364,,,,,,
2023-2024,,,,711,12,438,204,,,,,,
2023-2024,,,,712,12,184,283,Sophia Reynolds,39,6,,,
2023-2024,,,,713,10,433,408,,,,,,
2023-2024,,,,714,12,318,226,,,,Ella Simmons,25,3
2023-2024,,,,715,11,425,220,,,,,,
2023-2024,,,,716,12,217,290,,,,,,
2023-2024,,,,717,12,174,420,Charlotte Peterson,1,4,,,
2023-2024,,,,718,10,289,246,,,,,,
2023-2024,,,,719,10,379,255,,,,,,
2023-2024,,,,720,10,215,201,,,,Ava Parker,15,3
2023-2024,,,,721,12,241,296,,,,,,
2023-2024,,,,722,12,384,246,,,,,,
2023-2024,,,,723,10,235,378,,,,,,
2023-2024,,,,724,11,222,200,Sofia Reed,14,4,Sofia Reed,9,4
2023-2024,,,,725,10,286,406,,,,,,
2023-2024,,,,726,11,423,196,,,,,,
2023-2024,,,,727,12,242,220,,,,,,
2023-2024,,,,728,11,215,226,,,,Alexander Gray,31,4
2023-2024,,,,729,11,477,300,,,,,,
2023-2024,,,,730,12,203,265,Daniel Wright,33,1,,,
2023-2024,,,,731,10,177,408,Avery Foster,6,6,,,
2023-2024,,,,732,11,263,106,,,,David Mitchell,12,6
2023-2024,,,,733,10,410,368,,,,,,
2023-2024,,,,734,10,480,317,,,,,,
2023-2024,,,,735,12,436,293,,,,,,
2023-2024,,,,736,12,178,283,Chloe Rivera,3,4,,,
2023-2024,,,,737,10,393,125,,,,Ryan Hayes,18,6
2023-2024,,,,738,12,196,281,Matthew Hughes,10,1,,,
2023-2024,,,,739,10,172,254,Sofia Reed,29,3,,,
2023-2024,,,,740,12,331,498,,,,,,
2023-2024,,,,741,10,201,249,,,,,,
2023-2024,,,,742,10,247,233,Amelia Brooks,36,1,Amelia Brooks,34,2
2023-2024,Redwood Grove Educational Network,Reno,NV,743,11,409,254,,,,,,
2023-2024,,,,744,12,426,297,,,,,,
2023-2024,,,,745,10,470,169,,,,Ethan Morgan,13,1
2023-2024,,,,746,10,356,496,,,,,,
2023-2024,,,,747,12,291,253,,,,,,
2023-2024,,,,748,12,445,274,,,,,,
2023-2024,,,,749,12,376,398,,,,,,
2023-2024,,,,750,10,482,225,,,,,,
2023-2024,,,,751,10,211,251,,,,,,
2023-2024,,,,752,10,496,137,,,,Sophia Reynolds,31,1
2023-2024,,,,753,10,356,382,,,,,,
2023-2024,,,,754,10,225,197,,,,Isabella Bennett,15,5
2023-2024,,,,755,11,293,342,,,,,,
2023-2024,,,,756,11,476,378,,,,,,
2023-2024,,,,757,10,380,230,,,,,,
2023-2024,,,,758,11,226,317,David Mitchell,29,2,,,
2023-2024,,,,759,11,309,324,,,,,,
2023-2024,,,,760,10,306,309,,,,,,
2023-2024,,,,761,12,181,204,Evelyn Mitchell,14,6,Evelyn Mitchell,19,2
2023-2024,,,,762,11,215,493,,,,,,
2023-2024,,,,763,12,290,386,,,,,,
2023-2024,,,,764,10,282,428,,,,,,
2023-2024,,,,765,12,454,169,,,,Alexander Gray,27,5
2023-2024,,,,766,12,342,460,,,,,,
2023-2024,,,,767,10,349,504,,,,,,
2023-2024,,,,768,12,467,477,,,,,,
2023-2024,,,,769,12,302,307,,,,,,
2023-2024,,,,770,10,216,200,,,,Olivia Simmons,40,6
2023-2024,,,,771,12,364,388,,,,,,
2023-2024,,,,772,11,465,245,,,,,,
2023-2024,,,,773,12,175,404,Ryan Hayes,30,5,,,
2023-2024,,,,774,12,437,238,,,,,,
2023-2024,,,,775,10,418,336,,,,,,
2023-2024,,,,776,10,477,116,,,,Avery Foster,14,1
2023-2024,,,,777,11,401,194,,,,Daniel Morgan,37,5
2023-2024,,,,778,10,171,192,Mia Richardson,41,2,Mia Richardson,11,4
2023-2024,,,,779,12,290,225,,,,,,
2023-2024,,,,780,10,450,158,,,,Avery Foster,39,2
2023-2024,,,,781,11,323,289,,,,,,
2023-2024,,,,782,10,314,365,,,,,,
2023-2024,,,,783,11,252,385,,,,,,
2023-2024,,,,784,11,420,369,,,,,,
2023-2024,,,,785,12,104,212,Ethan Morgan,10,3,Ethan Morgan,43,2
2023-2024,,,,786,10,321,234,,,,,,
2023-2024,,,,787,11,348,208,,,,,,
2023-2024,,,,788,12,191,382,Elizabeth Scott,12,4,,,
2023-2024,,,,789,11,396,201,,,,,,
2023-2024,,,,790,10,181,426,Henry Cooper,32,1,,,
2023-2024,,,,791,12,232,377,Scarlett Parker,17,1,,,
2023-2024,,,,792,12,491,310,,,,,,
2023-2024,,,,793,12,157,216,Liam Foster,7,5,,,
2023-2024,,,,794,12,250,195,,,,,,
2023-2024,,,,795,12,409,428,,,,,,
2023-2024,Sunflower Hills Independent Schools,Green Bay,WI,796,10,311,212,,,,Michael Adams,40,2
2023-2024,,,,797,12,480,249,,,,,,
2023-2024,,,,798,11,346,219,,,,,,
2023-2024,,,,799,12,192,500,,,,,,
2023-2024,,,,800,11,239,455,,,,,,
2023-2024,,,,801,11,442,359,,,,,,
2023-2024,,,,802,12,179,227,Charlotte Peterson,37,1,,,
2023-2024,,,,803,11,338,353,,,,,,
2023-2024,,,,804,11,349,383,,,,,,
2023-2024,,,,805,12,209,494,Scarlett Parker,35,5,,,
2023-2024,,,,806,10,226,468,,,,,,
2023-2024,,,,807,10,379,145,,,,Scarlett Parker,36,2
2023-2024,,,,808,12,227,323,,,,,,
2023-2024,,,,809,11,457,172,,,,Christopher Price,33,2
2023-2024,,,,810,10,329,478,,,,,,
2023-2024,,,,811,11,477,429,,,,,,
2023-2024,,,,812,10,134,316,Joseph Coleman,14,6,,,
2023-2024,,,,813,12,488,127,,,,Matthew Hughes,6,2
2023-2024,,,,814,11,373,394,,,,,,
2023-2024,,,,815,12,299,456,,,,,,
2023-2024,,,,816,10,363,156,,,,David Mitchell,25,6
2023-2024,,,,817,10,381,483,,,,,,
2023-2024,,,,818,12,222,214,Avery Foster,3,5,Avery Foster,22,3
2023-2024,,,,819,11,434,251,,,,,,
2023-2024,,,,820,11,291,213,,,,,,
2023-2024,,,,821,12,300,146,,,,Ethan Morgan,9,4
2023-2024,,,,822,12,359,236,,,,Abigail Nelson,11,4
2023-2024,,,,823,10,462,271,,,,,,
2023-2024,,,,824,11,304,439,,,,,,
2023-2024,,,,825,11,210,236,,,,,,
2023-2024,,,,826,10,448,327,,,,,,
2023-2024,,,,827,10,133,380,Liam Foster,17,1,,,
2023-2024,,,,828,11,189,416,Abigail Nelson,34,1,,,
2023-2024,,,,829,10,451,236,,,,,,
2023-2024,,,,830,12,286,402,,,,,,
2023-2024,,,,831,12,174,191,James Turner,4,4,James Turner,21,2
2023-2024,,,,832,12,267,333,,,,,,
2023-2024,,,,833,11,237,242,,,,,,
2023-2024,,,,834,12,257,180,,,,Ava Parker,22,5
2023-2024,,,,835,11,257,227,,,,,,
2023-2024,,,,836,10,260,503,,,,,,
2023-2024,,,,837,12,289,286,,,,,,
2023-2024,,,,838,10,331,238,,,,Daniel Wright,22,5
2023-2024,,,,839,10,472,357,,,,,,
2023-2024,,,,840,11,221,396,Matthew Hughes,33,4,,,
2023-2024,,,,841,11,254,299,,,,,,
2023-2024,,,,842,12,276,153,,,,Isabella Bennett,34,2
2023-2024,,,,843,10,214,495,,,,,,
2023-2024,,,,844,12,172,227,Joseph Coleman,37,5,,,
2023-2024,,,,845,12,237,309,,,,,,
2023-2024,,,,846,11,441,489,,,,,,
2023-2024,Sycamore Ridge Unified,New York City,NY,847,10,189,188,Sophia Reynolds,28,6,Sophia Reynolds,37,1
2023-2024,,,,848,10,354,493,,,,,,
2023-2024,,,,849,10,352,204,,,,Evelyn Mitchell,25,3
2023-2024,,,,850,10,296,107,,,,Ethan Morgan,7,3
2023-2024,,,,851,11,314,184,,,,William Carter,26,5
2023-2024,,,,852,11,345,392,,,,,,
2023-2024,,,,853,10,274,504,,,,,,
2023-2024,,,,854,10,234,418,,,,,,
2023-2024,,,,855,12,235,375,,,,,,
2023-2024,,,,856,10,351,321,,,,,,
2023-2024,,,,857,12,499,191,,,,Isabella Bennett,13,3
2023-2024,,,,858,10,482,314,,,,,,
2023-2024,,,,859,10,271,455,,,,,,
2023-2024,,,,860,10,216,258,Nicholas Turner,27,1,,,
2023-2024,,,,861,11,213,197,,,,Christopher Price,2,1
2023-2024,,,,862,11,439,166,,,,Emily Foster,40,2
2023-2024,,,,863,12,393,350,,,,,,
2023-2024,,,,864,10,452,295,,,,,,
2023-2024,,,,865,12,163,192,Samuel Gray,35,5,,,
2023-2024,,,,866,11,210,223,Olivia Simmons,32,3,,,
2023-2024,,,,867,12,327,224,,,,,,
2023-2024,,,,868,10,442,289,,,,,,
2023-2024,,,,869,10,221,458,,,,,,
2023-2024,,,,870,10,211,250,Sophia Reynolds,19,3,,,
2023-2024,,,,871,10,258,200,,,,Alexander Gray,10,2
2023-2024,,,,872,11,466,292,,,,,,
2023-2024,,,,873,12,391,347,,,,,,
2023-2024,,,,874,11,313,212,,,,Samuel Gray,35,6
2023-2024,,,,875,11,260,142,,,,Olivia Simmons,35,1
2023-2024,,,,876,12,246,258,,,,,,
2023-2024,,,,877,12,132,466,Ava Parker,34,1,,,
2023-2024,,,,878,11,213,277,,,,,,
2023-2024,,,,879,10,478,407,,,,,,
2023-2024,,,,880,12,237,280,,,,,,
2023-2024,,,,881,11,379,366,,,,,,
2023-2024,,,,882,12,313,422,,,,,,
2023-2024,,,,883,10,507,277,,,,,,
2023-2024,,,,884,12,226,147,,,,Victoria Richardson,29,2
2023-2024,,,,885,12,209,260,,,,,,
2023-2024,,,,886,10,284,454,,,,,,
2023-2024,,,,887,12,125,216,Nicholas Turner,23,6,Nicholas Turner,39,5
2023-2024,,,,888,12,439,244,,,,,,
2023-2024,,,,889,11,157,378,Elizabeth Scott,27,3,,,
2023-2024,,,,890,10,324,483,,,,,,
2023-2024,,,,891,12,300,470,,,,,,
2023-2024,,,,892,12,482,358,,,,,,
2023-2024,,,,893,10,258,291,,,,,,
2023-2024,,,,894,12,493,390,,,,,,
2023-2024,,,,895,12,181,362,Nicholas Turner,26,4,,,
2023-2024,,,,896,10,325,393,,,,,,
2023-2024,,,,897,12,460,288,,,,,,
2023-2024,,,,898,10,266,389,,,,,,
2023-2024,Willowbrook Heights School District,Toledo,OH,899,12,227,194,,,,Elizabeth Scott,11,3
2023-2024,,,,900,12,151,365,Samuel Gray,5,6,,,
2023-2024,,,,901,10,448,364,,,,,,
2023-2024,,,,902,12,433,236,,,,,,
2023-2024,,,,903,11,121,430,Ryan Hayes,16,6,,,
2023-2024,,,,904,11,501,450,,,,,,
2023-2024,,,,905,12,295,443,,,,,,
2023-2024,,,,906,10,375,221,,,,,,
2023-2024,,,,907,10,458,374,,,,,,
2023-2024,,,,908,11,405,415,,,,,,
2023-2024,,,,909,10,112,248,Evelyn Mitchell,8,3,,,
2023-2024,,,,910,11,227,258,,,,,,
2023-2024,,,,911,12,418,309,,,,,,
2023-2024,,,,912,10,314,228,,,,,,
2023-2024,,,,913,12,427,202,,,,Daniel Morgan,12,1
2023-2024,,,,914,11,472,384,,,,,,
2023-2024,,,,915,11,417,455,,,,,,
2023-2024,,,,916,11,293,408,,,,,,
2023-2024,,,,917,10,430,485,,,,,,
2023-2024,,,,918,12,339,322,,,,,,
2023-2024,,,,919,12,418,207,,,,Ava Parker,41,3
2023-2024,,,,920,11,494,282,,,,,,
2023-2024,,,,921,12,317,179,,,,Benjamin Cooper,24,6
2023-2024,,,,922,12,246,472,,,,,,
2023-2024,,,,923,10,258,268,,,,,,
2023-2024,,,,924,10,435,463,,,,,,
2023-2024,,,,925,12,390,403,,,,,,
2023-2024,,,,926,10,164,244,Harper Ward,38,5,,,
2023-2024,,,,927,10,179,386,Noah Hayes,24,5,,,
2023-2024,,,,928,10,219,181,,,,Daniel Morgan,22,2
2023-2024,,,,929,10,292,383,,,,,,
2023-2024,,,,930,12,182,431,Christopher Price,11,4,,,
2023-2024,,,,931,10,187,171,Christopher Price,15,6,Christopher Price,30,4
2023-2024,,,,932,10,478,269,,,,,,
2023-2024,,,,933,12,363,148,,,,Benjamin Cooper,25,6
2023-2024,,,,934,11,119,159,Alexander Gray,18,2,Alexander Gray,19,1
2023-2024,,,,935,10,243,379,,,,,,
2023-2024,,,,936,12,311,120,,,,Joshua Butler,13,2
2023-2024,,,,937,10,407,371,,,,,,
2023-2024,,,,938,11,195,297,William Carter,20,1,,,
2023-2024,,,,939,12,198,169,Daniel Wright,30,3,Daniel Wright,17,1
2023-2024,,,,940,10,177,474,Avery Foster,23,1,,,
2023-2024,,,,941,12,225,200,,,,,,
2023-2024,,,,942,10,172,157,Victoria Richardson,28,3,Victoria Richardson,23,6
2023-2024,,,,943,12,150,234,Avery Foster,41,6,,,
2023-2024,,,,944,12,238,364,,,,,,
2023-2024,,,,945,10,203,460,Aria Peterson,33,2,,,
2023-2024,,,,946,10,279,280,,,,,,
2023-2024,,,,947,11,372,123,,,,Logan Carter,18,1
2023-2024,,,,948,11,425,381,,,,,,
2023-2024,,,,949,11,155,148,Grace Murphy,17,2,Grace Murphy,41,1
2023-2024,,,,950,12,312,321,,,,,,
2023-2024,,,,951,12,178,300,Isabella Bennett,31,5,,,
2023-2024,,,,952,11,390,295,,,,,,
2023-2024,,,,953,12,422,174,,,,Michael Adams,26,3
2023-2024,,,,954,10,377,202,,,,,,
2023-2024,,,,955,12,477,213,,,,,,
2023-2024,,,,956,11,377,213,,,,Sofia Reed,19,2
2023-2024,,,,957,10,460,474,,,,,,
2023-2024,,,,958,11,328,201,,,,Abigail Nelson,9,6
2023-2024,,,,959,10,153,212,Noah Hayes,29,6,,,
2023-2024,,,,960,12,392,296,,,,,,
2023-2024,,,,961,12,218,486,,,,,,
2023-2024,,,,962,10,332,120,,,,Daniel Morgan,26,1
2023-2024,,,,963,11,165,334,Benjamin Cooper,3,6,,,
2023-2024,,,,964,12,479,258,,,,,,
2023-2024,,,,965,12,317,204,,,,,,
2023-2024,,,,966,11,191,507,,,,,,
2023-2024,,,,967,11,380,276,,,,,,
2023-2024,,,,968,11,428,222,,,,,,
2023-2024,,,,969,11,232,396,,,,,,
2023-2024,,,,970,12,303,340,,,,,,
2023-2024,,,,971,10,239,224,,,,,,
2023-2024,,,,972,11,208,359,,,,,,
2023-2024,,,,973,10,486,474,,,,,,
2023-2024,,,,974,12,247,217,,,,Emily Foster,9,1
2023-2024,,,,975,12,122,389,Charlotte Peterson,25,3,,,
2023-2024,,,,976,12,327,322,,,,,,
2023-2024,,,,977,12,461,503,,,,,,
2023-2024,,,,978,11,238,232,,,,,,
2023-2024,,,,979,12,440,184,,,,Ryan Hayes,23,4
2023-2024,,,,980,10,177,394,Ava Parker,10,5,,,
2023-2024,,,,981,10,346,361,,,,,,
2023-2024,,,,982,11,237,419,,,,,,
2023-2024,,,,983,12,242,346,,,,,,
2023-2024,,,,984,12,359,221,,,,,,
2023-2024,,,,985,11,387,242,,,,,,
2023-2024,,,,986,12,256,333,,,,,,
2023-2024,,,,987,11,343,313,,,,,,
2023-2024,,,,988,11,232,276,,,,,,
2023-2024,,,,989,11,371,468,,,,,,
2023-2024,,,,990,12,487,163,,,,Mia Richardson,5,5
2023-2024,,,,991,10,272,254,,,,,,
2023-2024,,,,992,11,170,166,Aria Peterson,20,3,Aria Peterson,29,6
2023-2024,,,,993,10,259,172,,,,Olivia Simmons,5,4
2023-2024,,,,994,12,187,461,Chloe Rivera,33,2,,,
2023-2024,,,,995,11,486,411,,,,,,
2023-2024,,,,996,11,365,176,,,,Avery Foster,31,6
2023-2024,,,,997,11,200,420,,,,,,
2023-2024,,,,998,10,241,389,Evelyn Mitchell,20,2,,,
2023-2024,,,,999,10,331,404,,,,,,
2023-2024,,,,1000,11,182,329,Ella Simmons,6,4,,,
